<?xml version="1.0" encoding="UTF-8" standalone="yes" ?>
<l10n>
	<elements>
		<e k="GlobalCompanyPlaceable_SeedMaker_FactoryName" v="SeedMaker"/>
		<e k="GlobalCompanyPlaceable_SeedMaker_FactoryDescription" v="Der SeedMaker stellt aus Getreide Saatgut her. Es wird zusätzlich Beize (Pflanzenschutzmittel) benötigt."/>
		<e k="GlobalCompanyPlaceable_SeedMaker_productLine_seed" v="Saatgutherstellung"/>
		<e k="GlobalCompanyPlaceable_SeedMaker_Input1" v="Getreide"/>
		<e k="GlobalCompanyPlaceable_SeedMaker_Input2" v="Pflanzenschutzmittel"/>
		<e k="GlobalCompanyPlaceable_SeedMaker_Output1" v="Saatgut"/>
	</elements>
</l10n>