﻿<?xml version="1.0" encoding="utf-8" standalone="no" ?>
<modDesc descVersion="44">
	<author>LS-Modcompany / kevink98 - Eribus</author>
    <version>1.0.0.0</version>
    
	<title>
        <en>GlobalCompany - SeedMaker</en>
    </title>
    
	<description>
		<en><![CDATA[This SeedMaker makes seeds from Grain and Herbicide.

Production / Hour: 1.000 Liter

Required Inputs: Grain, Herbicide
Output: Seeds

Information: Mod is only usable in combination with GlobalCompany!]]>
		</en>
		<de><![CDATA[Der SeedMaker stellt aus Getreide Saatgut her.

Produktion / Stunde: 1.000 Liter

Benötigte Rohstoffe: Getreide, Pflanzenschutzmittel
Produkt: Saatgut

Information: Mod nur in Verbindung mit GlobalCompany spielbar!]]>
		</de>
		<es><![CDATA[La SeedMaker fabrica semillas a partir de grano.
		
Producción / hora: 1.000 litros

Materias primas necesarias: cereales, Herbicida.
Producto: Semillas

Información: Mod sólo se puede jugar en combinación con GlobalCompany!]]>
		</es>
	</description>
    
	<iconFilename>icon_seedmaker.dds</iconFilename>
    <multiplayer supported="true"/>  
	
	<l10n>
		<text name="function_seedMaker">
			<en><![CDATA[This SeedMaker makes seeds from grain.]]></en>
			<de><![CDATA[Der SeedMaker stellt aus Getreide Saatgut her.]]></de>
			<es><![CDATA[La SeedMaker fabrica semillas a partir de grano.]]></es>
		</text>		
	</l10n>	
	
	<extraSourceFiles>
		<sourceFile filename="GC_Checker.lua" />
    </extraSourceFiles>
	
	<globalCompany minimumVersion="1.0.0.0" />
  	
	<storeItems>
        <storeItem xmlFilename="seedMaker.xml"/>
    </storeItems>

    <brands>
        <brand name="GCPLACEABLE" title="GlobalCompany Placeable" image="../FS19_GlobalCompany/brand_placeable.dds"/>
    </brands>
</modDesc>