﻿<?xml version="1.0" encoding="utf-8" standalone="no" ?>
<placeable>
    <storeData>
        <name>SeedMaker</name>
        <image>store.dds</image>
        <price>15000</price>
        <dailyUpkeep>10</dailyUpkeep>
        <lifetime>1000</lifetime>
        <rotation>0</rotation>
        <brand>GCPLACEABLE</brand>
        <specs>
            <capacity>50000</capacity>
            <fillTypes>wheat barley herbicide</fillTypes>
        </specs>
		<functions>
			<function>$l10n_function_seedMaker</function>
        </functions>
        <species>placeable</species>
        <category>globalCompanyPlaceable</category>
    </storeData>

    <placeableType>GC_ProductionFactoryPlaceable</placeableType>
    <filename>seedMaker.i3d</filename>
    <placement testSizeX="10" testSizeZ="5" sizeX="15" sizeZ="8" useRandomYRotation="false" useManualYRotation="true" />
	
	<tipOcclusionUpdateArea sizeX="15" sizeZ="8" />	
	
	<clearAreas>
        <clearArea startIndex="7|0" widthIndex="7|1" heightIndex="7|2"/>
    </clearAreas>
	
	<leveling requireLeveling="true" maxSmoothDistance="5" maxSlope="30" maxEdgeAngle="20" >
        <levelAreas>
            <levelArea startNode="7|0" widthNode="7|1" heightNode="7|2" groundType="asphalt"/>
        </levelAreas>
    </leveling>
	
    <triggerMarkers>
        <triggerMarker node="5" />
    </triggerMarkers>
	
	<productionFactories>
		<productionFactory indexName="SEEDMAKER" saveId="globalCompany_seedMaker">
			<guiInformation title="GlobalCompanyPlaceable_SeedMaker_FactoryName" imageFilename="store.dds" description="GlobalCompanyPlaceable_SeedMaker_FactoryDescription" cameraFeed="gui_camera"/>
			
			<operation updateDelayMinutes="10" showInGlobalGUI="true" />
			
			<registerUnloadingTriggers>
				<unloadingTrigger name="UnloadingTriggerGrain" exactFillRootNode="exactFillRootNode1" />
				<unloadingTrigger name="UnloadingTriggerLiquid" exactFillRootNode="exactFillRootNode2" palletTriggerNode="palletTrigger" />
			</registerUnloadingTriggers>

			<registerLoadingTriggers>
				<loadingTrigger name="LoadingTrigger" triggerNode="trigger" fillLitersPerSecond="500" autoStart="false">
					<dischargeInfo dischargeNode="dischargeNode" />
					<sounds fillSoundIdentifier="fillSound01" />
					<effectNode effectNode="grain" materialType="unloading" materialTypeId="3" fadeTime="0.5" />
					<effectNode effectNode="smoke" materialType="smoke"     materialTypeId="1" fadeTime="0.5" />
				</loadingTrigger>
			</registerLoadingTriggers>
			
			<registerInputProducts>				
				<inputProduct name="IP_GRAIN" capacity="50000" title="GlobalCompanyPlaceable_SeedMaker_Input1" > 
					<fillTypes>
						<fillType name="wheat" />
						<fillType name="barley" />
					</fillTypes>
					
					<purchase fixedPricePerLitre="1.6" /> <!-- A little more than buying a pallet of wheat -->
					
					<inputMethods>
						<unloadingTrigger name="UnloadingTriggerGrain"/>
					</inputMethods>						
					
					<digitalDisplays>
						<display displayType="LEVEL" numbers="IN_Display1" emptyNumberColor="1 0 0 1" numberColor="1 1 0 1" fullNumberColor="0 1 0 1"/>
					</digitalDisplays>
				</inputProduct>
				<inputProduct name="IP_LIQUID" capacity="2000" title="GlobalCompanyPlaceable_SeedMaker_Input2">
					<fillTypes>
						<fillType name="herbicide" />
					</fillTypes>				
					
					<purchase fixedPricePerLitre="1.3" /> <!-- A little more than buying a tank -->
					
					<inputMethods>
						<unloadingTrigger name="UnloadingTriggerLiquid"/>
					</inputMethods>		
					
					<movers>
						<mover node="plane1">
							<scale minimum="0.99 0 0.99" maximum="0.99 0.99 0.99" />
						</mover>
						<mover node="plane2">
							<scale minimum="0.99 0 0.99" maximum="0.99 0.99 0.99" />
						</mover>
					</movers>				
					
					<digitalDisplays>
						<display displayType="LEVEL" numbers="IN_Display2" emptyNumberColor="1 0 0 1" numberColor="1 1 0 1" fullNumberColor="0 1 0 1"/>
					</digitalDisplays>
				</inputProduct>
			</registerInputProducts>
			
			<registerOutputProducts>
				<outputProduct name="OP_SEED" fillType="seeds" capacity="50000" >
					<outputMethods>
						<loadingTrigger name="LoadingTrigger" />
						<objectSpawner xmlFilename="$data/objects/bigBagContainer/bigBagContainerSeeds.xml">
							<area startNode="start1" endNode="end1" />
							<area startNode="start2" endNode="end2" />
							<area startNode="start3" endNode="end3" />
						</objectSpawner>
					</outputMethods>	
					<digitalDisplays>
						<display displayType="LEVEL" numbers="OP_Display" emptyNumberColor="0 1 0 1" numberColor="1 1 0 1" fullNumberColor="1 0 0 1"/>
					</digitalDisplays>
				</outputProduct>
			</registerOutputProducts>
			
			<productLines>
				<productLine autoLineStart="true" outputPerHour="1000" title="GlobalCompanyPlaceable_SeedMaker_productLine_seed" showInGUI="true">
					<inputs>
						<inputProduct name="IP_GRAIN" percent="100" />
						<inputProduct name="IP_LIQUID" percent="2" />
					</inputs>					
					<outputs>
						<outputProduct name="OP_SEED" percent="100" />
					</outputs>					
					<playerTrigger playerTriggerNode="PlayerTrigger" showPopupUI="true"/>					
					<operatingParts>						
						<sounds>
							<sound geSoundNode="audio"/>
						</sounds>
						<lighting>
							<beaconLights>
								<beaconLight node="beacon" filename="$data/shared/assets/beaconLights/lizard/beaconLight01.xml" />
							</beaconLights>
						</lighting>
					</operatingParts>
				</productLine>
			</productLines>	
			
			<i3dMappings>  
				<i3dMapping id="exactFillRootNode1" node="2|0|0" />
				<i3dMapping id="exactFillRootNode2" node="2|1|0" />
    			<i3dMapping id="IN_Display1" node="2|0|1" />			
    			<i3dMapping id="IN_Display2" node="2|1|1" />			
				<i3dMapping id="dischargeNode" node="3|0|1" />
				<i3dMapping id="OP_Display" node="3|1" />
				<i3dMapping id="start1" node="6|0" />
				<i3dMapping id="end2" node="6|1|0" />
				<i3dMapping id="start2" node="6|1" />
				<i3dMapping id="start3" node="6|2" />
    			<i3dMapping id="end3" node="6|2|0" />
				<i3dMapping id="end1" node="6|0|0" />
				<i3dMapping id="PlayerTrigger" node="4" />
				<i3dMapping id="beacon" node="8" />
				<i3dMapping id="trigger" node="3|0|0" />
				<i3dMapping id="grain" node="3|0|2|0" />
    			<i3dMapping id="smoke" node="3|0|2|1" />
    			<i3dMapping id="audio" node="9" />
				<i3dMapping id="plane1" node="11|1" />
    			<i3dMapping id="plane2" node="10|1" />
				<i3dMapping id="palletTrigger" node="2|1|2" />
				<i3dMapping id="gui_camera" node="12"/>
			</i3dMappings>				
		</productionFactory>
	</productionFactories>
</placeable>