<?xml version="1.0" encoding="utf-8" standalone="no" ?>
<guiTemplates>
	<colors>
		<color name="transparent" value="0 0 0 0" />
		<color name="white" value="1 1 1 1" />
		<color name="black" value="0 0 0 1" />
		<color name="darkRed" value="0.2832 0.0091 0.0091 1" />
		<color name="blue" value="0.0742 0.4341 0.6939 1"/>
		<color name="gcBlue" value="0.0 0.15 0.676 1"/>
		<color name="gcBlueLight" value="0.0 0.3 0.676 1"/>
		
		<color name="red" value="0.23 0.0091 0.0091 1" />		
		<color name="green" value="0.0 0.8 0.0091 1" />
        <color name="orange" value="1 0.4 0.0 1"/>

		<color name="gray1" value="0.6 0.6 0.6 1" />
		<color name="gray2" value="0.3 0.3 0.3 1" />
		<color name="gray3" value="0.1 0.1 0.1 1" />

        <color name="glass1" value="0.018 0.016 0.015 0.6"/>


        <color name="buttonMain" value="0.118 0.116 0.115 0.6"/>

        <color name="orangeLight" value="1 0.4 0.0 0.65"/>

        <color name="glass0_1" value="0.018 0.016 0.015 0.65"/>
        <color name="glass0_2" value="0.718 0.716 0.715 0.04"/>

		

		<color name="glass1_60" value="0.3 0.3 0.3 0.6" />
		<color name="glass1_50" value="0.3 0.3 0.3 0.5" />
		<color name="glass1_80" value="0.3 0.3 0.3 0.8" />
		<color name="glass1_90" value="0.3 0.3 0.3 0.9" />
		<color name="glass2_45" value="0.2 0.2 0.2 0.45" />
		<color name="glass3_40" value="0.018 0.016 0.015 0.4" />
		<color name="glass4_10" value="0.5 0.5 0.5 0.1" />
		<color name="glass5_70" value="0.04 0.04 0.04 0.95" />

		<color name="image" value="1 1 1 1" />
		<color name="image_disabled" value="0.6 0.6 0.6 0.3" />
		<color name="image_disabled2" value="0.6 0.6 0.6 0.5" />
		<color name="image_selected" value="1 1 1 1" />
		<color name="image_selected2" value="0.0 0.15 0.676 1" />

		<color name="text" value="1 1 1 1" />
		<color name="text_disabled" value="0.498 0.498 0.498 1" />
		<color name="text_disabled2" value="0.65 0.65 0.65 1" />
		<color name="text_selected" value="0.0 0.3 0.676 1" />
	</colors>

	<uvs>
        <uv name="icon_roundBig" value="290px 385px 110px 110px"/>
        <uv name="icon_roundSmall" value="530px 385px 55px 55px"/>
        <uv name="icon_info" value="190px 722px 30px 60px"/>
        <uv name="icon_question" value="150px 722px 35px 60px"/>

		<uv name="colorBg" value="10px 1010px 4px 4px" />
		<uv name="image" value="0 0 1 1" />
		<uv name="icon_notification" value="0px 0px 80px 80px" />
		<uv name="icon_notificationNumber" value="80px 0px 80px 80px" />
		<uv name="icon_apps" value="240px 0px 80px 80px" />
		<uv name="icon_settings3" value="160px 0px 80px 80px" />

        <uv name="keyBordKey" value="96px 96px 48px 48px"/>

        <uv name="icon_errors" value="128px 0px 128px 128px"/>
        <uv name="icon_settings" value="0px 0px 128px 128px"/>
        <uv name="icon_factories" value="256px 0px 128px 128px"/>
        <uv name="icon_dynamicStorages" value="768px 0px 128px 128px"/>
		
        <uv name="icon_market_storage" value="384px 0px 128px 128px"/>
        <uv name="icon_market_buy" value="640px 0px 128px 128px"/>
        <uv name="icon_market_synch" value="896px 0px 128px 128px"/>

        <uv name="icon_arrowBottom" value="678px 390px 35px 35px"/>
        <uv name="icon_circle" value="530px 388px 55px 55px"/>
        <uv name="icon_triangle" value="675px 388px 32px 32px"/>
        <uv name="icon_tick" value="150px 344px 32px 32px"/>

        <uv name="icon_priceArrow" value="51px 339px 42px 42px"/>
	</uvs>

	<templates>
		<template name="gcBase">
			<value name="imageFilename" value="g_baseUIFilename" />
			<value name="imageUVs" value="colorBg" />
			<value name="imageUVs_selected" value="colorBg" />
			<value name="imageUVs_disabled" value="colorBg" />
			<value name="imageUVs_disabledSelected" value="colorBg" />

			<value name="imageColor" value="image" />
			<value name="imageColor_disabled" value="image_disabled" />
			<value name="imageColor_selected" value="image_selected" />
			<value name="imageColor_disabledSelected" value="image_disabled" />

			<value name="textColor" value="text" />
			<value name="textColor_disabled" value="text_disabled" />
			<value name="textColor_selected" value="text_selected" />
			<value name="imageSize" value="1024 1024" />
		</template>

		<template name="gcBase_text" extends="gcBase">
			<value name="size" value="0px 0px" />
		</template>

		<template name="gcBaseGuiButton" extends="gcBase">
			<value name="size" value="65px 50px" />
			<value name="position" value="0px 0px" />
			<value name="hasText" value="true" />
			<value name="hasOverlay" value="true" />
		</template>
		<template name="gcBaseGuiButton_overlay" extends="gcBaseGuiButton">
			<value name="imageColor_selected" value="gcBlue" />
			<Value name="imageUVs" value="keyBordKey"/>
			<Value name="imageUVs_selected" value="keyBordKey"/>
		</template>
		<template name="gcBaseGuiButton_text" extends="gcBaseGuiButton">
			<value name="textAlignment" value="center" />
			<value name="textSize" value="20px" />
			<value name="textMargin" value="0px 17px 0px 0px" />
		</template>
		<template name="gcBaseGuiButtonNext" extends="gcBaseGuiButton">
			<value name="position" value="50px 0px" />
		</template>
		<template name="gcBaseGuiButtonNext_text" extends="gcBaseGuiButtonNext">
			<value name="textAlignment" value="center" />
			<value name="textSize" value="20px" />
			<value name="textMargin" value="0px 17px 0px 0px" />
		</template>
		<template name="gcBaseGuiButtonNext_overlay" extends="gcBaseGuiButtonNext">
			<value name="imageColor_selected" value="gcBlue" />
			<Value name="imageUVs" value="keyBordKey"/>
			<Value name="imageUVs_selected" value="keyBordKey"/>
		</template>
		<template name="gcBaseGuiButtonText" extends="gcBase_text">
			<value name="textSize" value="22px" />
			<value name="textAlignment" value="center" />
			<value name="margin" value="10px 0px 0px 0px" />
		</template>

		<template name="gcBase_border" extends="">
			<value name="borderLeftSize" value="0px" />
			<value name="borderRightSize" value="0px" />
			<value name="borderTopSize" value="0px" />
			<value name="borderBottomSize" value="0px" />
			<value name="borderLeftColor" value="gray1" />
			<value name="borderRightColor" value="gray1" />
			<value name="borderTopColor" value="gray1" />
			<value name="borderBottomColor" value="gray1" />

			<value name="borderLeftSize_selected" value="0px" />
			<value name="borderRightSize_selected" value="0px" />
			<value name="borderTopSize_selected" value="0px" />
			<value name="borderBottomSize_selected" value="0px" />
			<value name="borderLeftColor_selected" value="gray1" />
			<value name="borderRightColor_selected" value="gray1" />
			<value name="borderTopColor_selected" value="gray1" />
			<value name="borderBottomColor_selected" value="gcBlue" />

			<value name="borderLeftSize_disabled" value="2px" />
			<value name="borderRightSize_disabled" value="2px" />
			<value name="borderTopSize_disabled" value="2px" />
			<value name="borderBottomSize_disabled" value="2px" />
			<value name="borderLeftColor_disabled" value="gray1" />
			<value name="borderRightColor_disabled" value="gray1" />
			<value name="borderTopColor_disabled" value="gray1" />
			<value name="borderBottomColor_disabled" value="gray1" />
		</template>

		<!--template name="gcBorder_button" extends="gcBase_border">
			<value name="borderLeftSize" value="1px" />
			<value name="borderRightSize" value="1px" />
			<value name="borderBottomSize" value="1px" />
			<value name="borderLeftSize_selected" value="1px" />
			<value name="borderRightSize_selected" value="1px" />
			<value name="borderBottomSize_selected" value="5px" />
		</template-->
		<template name="gcBorder_Header" extends="gcBase_border">
			<value name="borderBottomSize" value="2px" />
			<value name="borderBottomColor" value="gray1" />
		</template>
		<template name="gcBorder_Header2" extends="gcBase_border">
			<value name="borderBottomSize" value="4px" />
			<value name="borderBottomColor" value="gcBlue" />
		</template>

		<template name="gcSeperator" anchor="middleCenter" extends="gcBase">
			<Value name="imageUVs" value="colorBg"/>
			<Value name="imageColor" value="glass1_50"/>
		</template>
		<template name="gcButton" anchor="middleCenter" extends="gcBase">
			<value name="imageColor" value="glass0_1" />
			<value name="imageColor_selected" value="glass0_2" />
			<value name="hasOverlay" value="true" />
			<value name="hasText" value="true" />
			<value name="textAlignment" value="center" />
			<value name="textSize" value="23px" />
			<value name="textMargin" value="0px 4px 0px 0px" />
		</template>

		<!-- MultiDialog -->
		<template name="gcMdMainLayerBackground" anchor="middleCenter" extends="gcBase">
			<value name="size" value="1920px 1080px" />
			<value name="newLayer" value="true" />
			<value name="imageColor" value="transparent" />
		</template>
		<template name="gcMdMainBackground" anchor="middleCenter" extends="gcBase">
			<value name="size" value="1920px 1080px" />
			<value name="imageColor" value="0.018 0.016 0.015 0.6" />
		</template>
		<template name="gcMdBackground" anchor="middleCenter" extends="gcBase gcBorder">
			<value name="size" value="1000px 400px" />
			<value name="imageColor" value="glass5_70" />
			<value name="hasBorders" value="true" />
			<value name="borderBottomSize" value="6px" />
			<value name="borderBottomColor" value="gcBlue" />
		</template>
		<template name="gcMdHeader" anchor="middleTop" extends="gcBase gcBorder">
			<value name="size" value="1000px 50px" />
			<value name="imageColor" value="transparent" />
			<value name="hasBorders" value="true" />
			<value name="borderBottomSize" value="4px" />
			<value name="borderBottomColor" value="gray2" />
		</template>
		<template name="gcMdHeaderText" anchor="middleCenter" extends="gcBase_text">
			<value name="textSize" value="25px" />
			<value name="textAlignment" value="center" />
		</template>
		<template name="gcMdContentLayout" anchor="middleTop" extends="gcBase_text">
			<value name="orientation" value="x" />
			<value name="alignment" value="left" />
			<value name="position" value="0px -80px" />
			<value name="size" value="900px 200px" />
		</template>
		<template name="gcMdContentLayoutInput" anchor="middleTop" extends="gcMdContentLayout">
			<value name="orientation" value="y" />
			<value name="alignment" value="top" />
			<value name="position" value="0px -80px" />
			<value name="size" value="900px 200px" />
		</template>
		<template name="gcMdContentIcon" anchor="middleCenter" extends="gcBase">
			<value name="size" value="150px 150px" />
			<value name="imageColor" value="glass1_90" />
			<value name="imageUVs" value="icon_roundBig" />
		</template>
		<template name="gcMdContentIconTyp" anchor="middleCenter" extends="gcBase">
			<value name="size" value="50px 80px" />
			<value name="imageColor" value="gcBlue" />
		</template>
		<template name="gcMdContentText" anchor="leftTop" extends="gcBase_text">
			<value name="position" value="50px 0px" />
			<value name="textSize" value="20px" />
			<value name="textAlignment" value="left" />
			<value name="textWrapWidth" value="700px" />
			<value name="textMaxNumLines" value="8" />
		</template>
		<template name="gcMdContentTextInput" anchor="middleTop" extends="gcMdContentText">
			<value name="position" value="0px 0px" />
			<value name="textAlignment" value="left" />
			<value name="margin" value="0px 30px 0px 0px" />
		</template>
		<template name="gcMdContentButtonsLayout" anchor="middleBottom" extends="gcBase_text">
			<value name="orientation" value="x" />
			<value name="alignment" value="left" />
			<value name="position" value="0px 3px" />
			<value name="size" value="1000px 50px" />
		</template>
		<template name="gcMdContentButtonsButton" anchor="middleBottom" extends="gcBase">
			<value name="position" value="0px 0px" />			
			<value name="hasText" value="true" />
		</template>
		<template name="gcMdContentButtonsButton_text" extends="gcMdContentButtonsButton">
			<value name="textColor_selected" value="white" />
			<value name="textAlignment" value="center" />
			<value name="textMargin" value="0px 0px 0px 15px" />
		</template>
		<template name="gcMdContentButtonsButton_overlay" extends="gcMdContentButtonsButton">
			<value name="imageColor" value="buttonMain" />
			<value name="imageColor_selected" value="gcBlue" />			
		</template>
		<template name="gcMdContentInput" anchor="middleBottom" extends="gcBase">
			<value name="size" value="500px 50px" />
			<value name="position" value="0px 0px" />			
			<value name="hasOverlay" value="true" />
			<value name="isActivable" value="true" />
			<value name="hasText" value="true" />
			<value name="margin" value="0px 50px 0px 0px" />
		</template>
		<template name="gcMdContentInput_text" anchor="middleBottom" extends="gcMdContentInput">
			<value name="textColor_selected" value="white" />
			<value name="textAlignment" value="center" />
			<value name="textMargin" value="0px 0px 0px 12px" />
		</template>
		<template name="gcMdContentInput_overlay" anchor="middleBottom" extends="gcMdContentInput">			
			<value name="imageColor" value="buttonMain" />
			<value name="imageColor_selected" value="gcBlue" />
		</template>


		<!-- Baler -->
		<template name="gcBalerBackground" anchor="middleCenter" extends="gcBase gcBorder">
			<value name="size" value="1000px 700px" />
			<value name="imageColor" value="glass0_1" />
			<value name="hasBorders" value="true" />
			<value name="borderBottomSize" value="6px" />
			<value name="borderBottomColor" value="gcBlue" />
		</template>
		<template name="gcBalerHeader" anchor="middleTop" extends="gcBase gcBorder">
			<value name="size" value="1000px 50px" />
			<value name="imageColor" value="transparent" />
			<value name="hasBorders" value="true" />
			<value name="borderBottomSize" value="4px" />
			<value name="borderBottomColor" value="gray2" />
		</template>
		<template name="gcBalerHeaderText" anchor="middleCenter" extends="gcBase_text">
			<value name="textSize" value="25px" />
			<value name="textAlignment" value="center" />
		</template>
		<template name="gcBalerContent" anchor="middleTop" extends="gcBase">
			<value name="size" value="1000px 646px" />
			<value name="position" value="0px -50px" />
			<value name="imageColor" value="transparent" />
		</template>
		<template name="gcBalerContentLayout" anchor="leftTop" extends="gcBase">
			<value name="orientation" value="y" />
			<value name="alignment" value="top" />
			<value name="position" value="0px 0px" />
			<value name="size" value="1000px 581px" />
			<value name="margin" value="0px 0px 0px 0px" />
		</template>
		<template name="gcBalerFillTypesText" anchor="leftTop" extends="gcBase_text">
			<value name="textSize" value="25px" />
			<value name="textAlignment" value="center" />
			<value name="margin" value="50px 20px 0px 0px" />
		</template>
		<template name="gcBalerFillTypesLayout" anchor="leftTop" extends="gcBase">
			<value name="orientation" value="y" />
			<value name="alignment" value="top" />
			<value name="position" value="0px 0px" />
			<value name="size" value="800px 300px" />
			<value name="margin" value="50px 0px 0px 0px" />
		</template>
		<template name="gcBalerFillTypesLayoutTyp" anchor="leftTop" extends="gcBase">
			<value name="orientation" value="x" />
			<value name="alignment" value="left" />
			<value name="position" value="0px 0px" />
			<value name="size" value="800px 100px" />
		</template>
		<template name="gcBalerFillTypesButtonBackground" anchor="middleCenter" extends="gcBase">
			<value name="size" value="50px 50px" />
			<value name="imageColor" value="gray3" />
		</template>
		<template name="gcBalerFillTypesButton" anchor="middleCenter" extends="gcBase">
			<value name="size" value="30px 30px" />
			<value name="position" value="0px 0px" />
			<value name="hasOverlay" value="true" />
			<value name="isActivable" value="true" />
		</template>
		<template name="gcBalerFillTypesButton_overlay" anchor="middleCenter" extends="gcBalerFillTypesButton">
			<value name="imageColor" value="transparent" />
			<value name="imageColor_selected" value="gcBlue" />
			<value name="imageColor_disabled" value="transparent" />
			<value name="imageColor_disabledSelected" value="image_disabled" />
		</template>
		<template name="gcBalerFillTypesButtonText" anchor="leftCenter" extends="gcBase_text">
			<value name="textSize" value="25px" />
			<value name="textAlignment" value="center" />
			<value name="margin" value="50px 0px 0px 0px" />
		</template>
		<template name="gcBalerNumLayout" anchor="middleBottom" extends="gcBase">
			<value name="orientation" value="x" />
			<value name="alignment" value="left" />
			<value name="position" value="0px -20px" />
			<value name="size" value="900px 50px" />
		</template>
		<template name="gcBalerNumBackground" anchor="middleCenter" extends="gcBase">
			<value name="size" value="100px 50px" />
			<value name="imageColor" value="gray3" />
		</template>
		<template name="gcBalerNumText" anchor="middleCenter" extends="gcBase_text">
			<value name="textSize" value="25px" />
			<value name="textAlignment" value="center" />
			<value name="margin" value="0px 0px 0px 0px" />
		</template>
		<template name="gcBalerNumButton" anchor="middleBottom" extends="gcBase">
			<value name="size" value="50px 50px" />
			<value name="margin" value="10px 0px 0px 0px" />
			<value name="hasOverlay" value="true" />
			<value name="hasText" value="true" />
		</template>
		<template name="gcBalerNumButton_text" anchor="middleBottom" extends="gcBalerNumButton">
			<value name="textAlignment" value="center" />
			<value name="textMargin" value="10px 0px 0px 15px" />
		</template>
		<template name="gcBalerNumButton_overlay" anchor="middleBottom" extends="gcBalerNumButton">
			<value name="imageColor" value="gray3" />
			<value name="imageColor_selected" value="gray2" />
		</template>
		<template name="gcBalerButtonLayout" anchor="middleBottom" extends="gcBase">
			<value name="orientation" value="x" />
			<value name="alignment" value="left" />
			<value name="position" value="0px 10px" />
			<value name="size" value="620px 50px" />
		</template>
		<template name="gcBalerButtonButton" anchor="middleBottom" extends="gcBase">
			<value name="size" value="300px 50px" />
			<value name="hasOverlay" value="true" />
			<value name="hasText" value="true" />
		</template>
		<template name="gcBalerButtonButton_text" anchor="middleBottom" extends="gcBalerButtonButton">
			<value name="textAlignment" value="center" />
			<value name="textMargin" value="0px 0px 0px 15px" />
			<value name="textSize" value="23px" />
		</template>
		<template name="gcBalerButtonButton_overlay" anchor="middleBottom" extends="gcBalerButtonButton">
			<value name="size" value="300px 50px" />
			<value name="imageColor" value="gray3" />
			<value name="imageColor_selected" value="gray3" />
		</template>
		<template name="gcBalerInfoBackground" anchor="rightTop" extends="gcBase">
			<value name="size" value="300px 400px" />
			<value name="imageColor" value="glass0_1" />
			<value name="position" value="-50px -20px" />
		</template>
		<template name="gcBalerInfoHeader" anchor="leftTop" extends="gcBase_text">
			<value name="textSize" value="22px" />
			<value name="textAlignment" value="center" />
			<value name="margin" value="15px 15px 0px 0px" />
			<value name="textBold" value="true" />
		</template>
		<template name="gcBalerInfoLayout" anchor="middleBottom" extends="gcBase">
			<value name="orientation" value="y" />
			<value name="alignment" value="top" />
			<value name="position" value="0px 10px" />
			<value name="size" value="300px 350px" />
		</template>
		<template name="gcBalerInfoTextHeader" anchor="leftTop" extends="gcBase_text">
			<value name="textSize" value="20px" />
			<value name="textAlignment" value="left" />
			<value name="margin" value="20px 15px 0px 0px" />
			<value name="textBold" value="true" />
		</template>
		<template name="gcBalerInfoText" anchor="leftTop" extends="gcBase_text">
			<value name="textSize" value="20px" />
			<value name="textAlignment" value="left" />
			<value name="margin" value="25px 15px 0px 0px" />
		</template>
		<template name="gcBalerInfoSepBackground" anchor="middleBottom" extends="gcBase">
			<value name="size" value="280px 2px" />
			<value name="imageColor" value="glass5_70" />
			<value name="position" value="0px 110px" />
		</template>
		<template name="gcBalerInfoTextAutoLayout" anchor="middleBottom" extends="gcBase">
			<value name="orientation" value="x" />
			<value name="alignment" value="left" />
			<value name="position" value="0px 0px" />
			<value name="size" value="280px 100px" />
		</template>
		<template name="gcBalerInfoTextAutoText" anchor="leftCenter" extends="gcBase_text">
			<value name="textSize" value="22px" />
			<value name="textAlignment" value="center" />
			<value name="margin" value="20px 0px 0px 0px" />
		</template>

		<!-- ObjectInfo -->
		<template name="gcObjectInfoBackground" anchor="middleCenter" extends="gcBase gcBorder">
			<value name="size" value="230px 65px" />
			<value name="imageColor" value="glass5_70" />
			<value name="hasBorders" value="true" />
			<value name="borderBottomSize" value="6px" />
			<value name="borderBottomColor" value="gcBlue" />
			<value name="position" value="0px -100px" />
		</template>
		<template name="gcObjectInfoLayout" anchor="leftTop" extends="gcBase">
			<value name="orientation" value="y" />
			<value name="alignment" value="center" />
			<value name="position" value="0px 0px" />
			<value name="size" value="230px 59px" />
			<value name="margin" value="0px 0px 0px 0px" />
		</template>
		<template name="gcObjectInfoText" anchor="middleCenter" extends="gcBase_text">
			<value name="textSize" value="12px" />
			<value name="textAlignment" value="center" />
			<value name="textBold" value="true"/>
			<value name="margin" value="0px 5px 0px 5px" />
		</template>


		<!-- FactoryBig -->
		<!--template name="gcFactoryBig" anchor="middleCenter" extends="gcBase">
			<value name="size" value="1920px 1080px" />
			<value name="imageColor" value="glass0_1" />
		</template>
		<template name="gcFactoryBigTransparent" anchor="middleCenter" extends="gcBase">
			<value name="size" value="1800px 950px" />
			<value name="imageColor" value="transparent" />
		</template>
		<template name="gcFactoryBigBackgroundLeft" anchor="middleCenter" extends="gcBase gcBorder">
			<value name="size" value="400px 850px" />
			<value name="position" value="-650px 20px" />
			<value name="hasBorders" value="true" />
			<value name="borderBottomSize" value="6px" />
			<value name="borderBottomColor" value="gcBlue" />
			<Value name="imageUVs" value="colorBg"/>
			<value name="imageColor" value="0.018 0.016 0.015 0.6" />
		</template>
		<template name="gcFactoryBigBackgroundRight" anchor="middleCenter" extends="gcBase">
			<value name="size" value="1200px 850px" />
			<value name="position" value="250px 20px" />
			<value name="hasBorders" value="true" />
			<value name="borderBottomSize" value="6px" />
			<value name="borderBottomColor" value="gcBlue" />
			<Value name="imageUVs" value="colorBg"/>
			<value name="imageColor" value="0.018 0.016 0.015 0.6" />
		</template>

		<template name="gcFactoryBigButtonsLayout" anchor="middleBottom" extends="gcBase">
			<value name="orientation" value="x" />
			<value name="alignment" value="left" />
			<value name="position" value="0px 0px" />
			<value name="size" value="1700px 50px" />
		</template>

		<template name="gcFactoryBigLeftBtnOverview" anchor="middleTop" extends="gcBase">
			<value name="size" value="300px 40px" />
			<value name="position" value="0px -30px" />
			<value name="imageColor" value="glass0_1" />
			<value name="imageColor_selected" value="glass0_2" />
			<value name="hasOverlay" value="true" />
			<value name="hasText" value="true" />
			<value name="textAlignment" value="center" />
			<value name="textSize" value="23px" />
			<value name="textMargin" value="0px 6px 0px0px" />
		</template>
		<template name="gcFactoryBigLeftPLText" anchor="middleTop" extends="gcBase_text">
			<value name="textSize" value="24px" />
			<value name="textAlignment" value="center" />
			<value name="position" value="0px -100px" />
		</template>

		<template name="gcFactoryBigLeftPLTable" anchor="middleBottom" extends="gcBase">
			<value name="size" value="380px 680px" />
			<value name="position" value="0px 20px" />
			<value name="orientation" value="y" />
			<value name="maxItemsX" value="1" />
			<value name="maxItemsY" value="5" />
		</template>
		<template name="gcFactoryBigLeftPLTableItem" anchor="middleCenter" extends="gcBase">
			<value name="size" value="380px 131px" />
			<value name="margin" value="0px 0px 0px 5px" />
			<value name="imageColor" value="glass0_1" />
			<value name="imageColor_selected" value="glass0_2" />
			<value name="isActivable" value="true" />
			<value name="canDeactivable" value="false" />
			<value name="hasOverlay" value="true" />
			<value name="hasBorders" value="true" />
			<value name="borderLeftSize" value="2px" />
			<value name="borderRightSize" value="2px" />
			<value name="borderTopSize" value="2px" />
			<value name="borderBottomSize" value="2px" />
			<value name="borderLeftSize_selected" value="2px" />
			<value name="borderRightSize_selected" value="2px" />
			<value name="borderTopSize_selected" value="2px" />
			<value name="borderBottomSize_selected" value="2px" />
			<value name="borderLeftColor" value="gray2" />
			<value name="borderRightColor" value="gray2" />
			<value name="borderTopColor" value="gray2" />
			<value name="borderBottomColor" value="gray2" />
		</template>
		<template name="gcFactoryBigLeftPLTableItemText" anchor="middleTop" extends="gcBase_text">
			<value name="size" value="350px 131px" />
			<value name="textSize" value="20px" />
			<value name="textAlignment" value="left" />
			<value name="textBold" value="false" />
			<value name="margin" value="0px 8px 0px 0px" />
		</template>
		<template name="gcFactoryBigLeftPLTableItemTextActive" anchor="middleTop" extends="gcFactoryBigLeftPLTableItemText">
			<value name="position" value="0px 0px" />
			<value name="textAlignment" value="right" />
		</template>
		<template name="gcFactoryBigLeftPLTableItemTextOutput" anchor="middleTop" extends="gcFactoryBigLeftPLTableItemText">
			<value name="position" value="20px -50px" />
			<value name="textSize" value="18px" />
		</template>


		<template name="gcFactoryBigRightOverviewImage" anchor="middleCenter" extends="gcBase">
			<value name="size" value="400px 400px" />
			<value name="position" value="0px 0px" />
			<Value name="imageUVs" value="0 0 1 1"/>
			<Value name="imageFilename" value="g_factoryDefault"/>
		</template>
		<template name="gcFactoryBigRightOverviewImageBackground" anchor="middleCenter" extends="gcBase gcBorder">
			<value name="size" value="450px 450px" />
			<value name="position" value="-200px -100px" />
			<value name="imageColor" value="glass1_50" />
			<value name="hasBorders" value="true" />
			<value name="borderBottomSize" value="6px" />
			<value name="borderBottomColor" value="gcBlue" />
		</template>

		<template name="gcFactoryBigRightOverviewText1" anchor="middleTop" extends="gcBase_text">
			<value name="size" value="0px 0px" />
			<value name="textSize" value="40px" />
			<value name="textAlignment" value="center" />
			<value name="margin" value="0px 8px 0px 0px" />
		</template>
		<template name="gcFactoryBigRightOverviewText2" anchor="middleTop" extends="gcFactoryBigRightOverviewText1">
			<value name="textSize" value="25px" />
		</template>
		<template name="gcFactoryBigRightOverviewText3" anchor="middleTop" extends="gcFactoryBigRightOverviewText1">
			<value name="textAlignment" value="left" />
			<value name="textWrapWidth" value="350px" />
			<value name="textMaxNumLines" value="200" />
			<value name="textSize" value="20px" />
			<value name="textLineHeightScale" value="2" />
		</template>
		<template name="gcFactoryBigRightOverviewText4" anchor="leftTop" extends="gcFactoryBigRightOverviewText1">
			<value name="textSize" value="28px" />
			<value name="textAlignment" value="left" />
		</template>
		<template name="gcFactoryBigRightOverviewText5" anchor="rightTop" extends="gcFactoryBigRightOverviewText1">
			<value name="textSize" value="28px" />
		</template>
		<template name="gcFactoryBigRightOverviewText5_Red" anchor="rightTop" extends="gcFactoryBigRightOverviewText5">
			<value name="textColor" value="darkRed" />
		</template>
		<template name="gcFactoryBigRightOverviewText6" anchor="leftTop" extends="gcFactoryBigRightOverviewText1">
			<value name="textSize" value="19px" />
		</template>
		<template name="gcFactoryBigRightOverviewText7" anchor="leftTop" extends="gcFactoryBigRightOverviewText1">
			<value name="textSize" value="19px" />
			<value name="textColor" value="gcBlue" />
			<value name="textAlignment" value="left" />
		</template>
		<template name="gcFactoryBigRightOverviewText8" anchor="middleTop" extends="gcFactoryBigRightOverviewText1">
			<value name="textSize" value="22px" />
		</template>
		<template name="gcFactoryBigRightOverviewText9" anchor="leftTop" extends="gcFactoryBigRightOverviewText1">
			<value name="textSize" value="19px" />
			<value name="textAlignment" value="left" />
		</template>
		<template name="gcFactoryBigRightOverviewText10" anchor="leftTop" extends="gcFactoryBigRightOverviewText1">
			<value name="textSize" value="16px" />
		</template>
		<template name="gcFactoryBigRightOverviewText11" anchor="leftTop" extends="gcFactoryBigRightOverviewText1">
			<value name="textSize" value="16px" />
			<value name="textColor" value="gcBlue" />
			<value name="textAlignment" value="left" />
		</template>
		<template name="gcFactoryBigRightOverviewText12" anchor="leftTop" extends="gcFactoryBigRightOverviewText1">
			<value name="textSize" value="19px" />
			<value name="textColor" value="gcBlue" />
			<value name="textAlignment" value="left" />
		</template>

		<template name="gcFactoryBigRightInput" anchor="middleCenter" extends="gcBase gcBorder">
			<value name="size" value="500px 670px" />
			<value name="position" value="-300px -70px" />
			<value name="imageColor" value="transparent" />
			<value name="hasBorders" value="true" />
			<value name="borderBottomSize" value="2px" />
			<value name="borderBottomColor" value="gcBlue" />
		</template>

		<template name="gcFactoryBigRightOutput" anchor="middleCenter" extends="gcBase gcBorder">
			<value name="size" value="500px 670px" />
			<value name="position" value="300px -70px" />
			<value name="imageColor" value="transparent" />
			<value name="hasBorders" value="true" />
			<value name="borderBottomSize" value="2px" />
			<value name="borderBottomColor" value="gcBlue" />
		</template>

		<template name="gcFactoryRightTable" anchor="middleBottom" extends="gcBase">
			<value name="size" value="500px 620px" />
			<value name="position" value="0px 0px" />
			<value name="orientation" value="y" />
			<value name="maxItemsX" value="1" />
			<value name="maxItemsY" value="4" />
			<value name="hasSlider" value="true" />
		</template>
		<template name="gcFactoryRightTableSlider" anchor="rightTop" extends="gcBase">
			<value name="size" value="20px 620px" />
			<value name="position" value="20px 0px" />
			<value name="hasOverlay" value="true" />
			<value name="imageColor" value="buttonMain" />
			<value name="imageColor_selected" value="gcBlue" />
		</template>
		<template name="gcFactoryRightTableItem" anchor="middleCenter" extends="gcBase gcBorder">
			<value name="size" value="500px 150px" />
			<value name="margin" value="0px 0px 0px 5px" />
			<value name="imageColor" value="glass0_1" />
			<value name="imageColor_selected" value="glass0_2" />
			<value name="hasOverlay" value="true" />
			<value name="hasBorders" value="true" />
			<value name="borderLeftSize" value="1px" />
			<value name="borderRightSize" value="1px" />
			<value name="borderTopSize" value="1px" />
			<value name="borderBottomSize" value="1px" />
			<value name="borderLeftSize_selected" value="1px" />
			<value name="borderRightSize_selected" value="1px" />
			<value name="borderTopSize_selected" value="1px" />
			<value name="borderBottomSize_selected" value="1px" />
			<value name="borderLeftColor" value="gray2" />
			<value name="borderRightColor" value="gray2" />
			<value name="borderTopColor" value="gray2" />
			<value name="borderBottomColor" value="gray2" />
		</template>
		<template name="gcFactoryRightTableItemBarBg" anchor="rightTop" extends="gcBase gcBorder">
			<Value name="imageUVs" value="colorBg"/>
			<Value name="imageColor" value="transparent"/>
			<Value name="imageColor_selected" value="transparent"/>
			<value name="hasBorders" value="true" />
			<value name="borderLeftSize" value="2px" />
			<value name="borderRightSize" value="2px" />
			<value name="borderTopSize" value="2px" />
			<value name="borderBottomSize" value="2px" />
			<value name="borderLeftSize_selected" value="2px" />
			<value name="borderRightSize_selected" value="2px" />
			<value name="borderTopSize_selected" value="2px" />
			<value name="borderBottomSize_selected" value="2px" />
			<value name="borderLeftColor" value="gray1" />
			<value name="borderRightColor" value="gray1" />
			<value name="borderTopColor" value="gray1" />
			<value name="borderBottomColor" value="gray1" />
		</template>
		<template name="gcFactoryRightTableItemBar" anchor="leftTop" extends="gcBase">
			<Value name="imageUVs" value="colorBg"/>
			<Value name="imageColor" value="gcBlue"/>
			<Value name="imageColor_selected" value="gcBlue"/>
		</template>
		<template name="gcFactoryRightTableItemBtnSml" anchor="middleCenter" extends="gcButton">
			<value name="textSize" value="18px" />
		</template-->

		<!--###################################################################################################################################-->
		<!--################################################   -GcMainScreen-   ###############################################################-->
		<!--###################################################################################################################################-->
		<template name="gcMainBackground" anchor="middleCenter" extends="gcBase">
			<Value name="imageUVs" value="colorBg"/>
			<value name="imageColor" value="0.018 0.016 0.015 0.6" />
		</template>
		<template name="gcMainMenu" anchor="middleTop" extends="gcBase gcBorder">
			<Value name="size" value="1920px 70px"/>
			<Value name="imageUVs" value="colorBg"/>
			<value name="imageColor" value="glass1" />
			<value name="hasBorders" value="true" />
			<value name="borderBottomSize" value="1px" />
			<value name="borderBottomColor" value="gray2" />
		</template>
		<template name="gcMainMenuLayout" anchor="middleCenter" extends="gcBase">
			<value name="size" value="1500px 70px" />
			<value name="position" value="0px 0px" />
			<value name="orientation" value="x" />
			<value name="alignment" value="middle" />
		</template>
		<template name="gcMainMenuItem" anchor="middleCenter" extends="gcBase">
			<value name="size" value="70px 70px" />
			<value name="margin" value="0px 0px 0px 0px" />
			<value name="hasOverlay" value="true" />
			<value name="isActivable" value="true" />
			<value name="canDeactivable" value="false" />
			<value name="checkParent" value="true" />
		</template>
		<template name="gcMainMenuItem_overlay" anchor="middleCenter" extends="gcBase gcBorder">
			<value name="size" value="70px 70px" />
			<value name="hasBorders" value="true" />
			<value name="borderLeftSize" value="1px" />
			<value name="borderRightSize" value="1px" />
			<value name="borderBottomSize" value="1px" />
			<value name="borderLeftSize_selected" value="1px" />
			<value name="borderRightSize_selected" value="1px" />
			<value name="borderBottomSize_selected" value="5px" />

			<value name="borderLeftColor" value="gray2" />
			<value name="borderRightColor" value="gray2" />
			<value name="borderBottomColor" value="gray2" />
			<value name="borderBottomColor_selected" value="gcBlue" />
		</template>
		<template name="gcMainMenuItemIcon" anchor="middleCenter" extends="gcBase">
			<value name="size" value="70px 70px" />
		</template>
		<template name="gcMainContent" anchor="middleTop" extends="gcBase">
			<value name="size" value="1920px 980px" />
			<value name="position" value="0px -70px" />
			<value name="imageColor" value="transparent" />
		</template>

		<!--###################################################################################################################################-->
		<!--##########################################   -GcMainScreen - Settings-   ##########################################################-->
		<!--###################################################################################################################################-->
		<template name="gcMenuSettingsLayout1" anchor="leftTop" extends="">
			<value name="orientation" value="y" />
			<value name="alignment" value="top" />
			<value name="size" value="800px 746px" />
			<value name="position" value="50px -150px" />
			<value name="margin" value="0px 0px 0px 0px" />
		</template>
		<template name="gcMenuSettingsButtonLayout" anchor="leftTop" extends="gcBase">
			<value name="orientation" value="x" />
			<value name="alignment" value="left" />
			<value name="position" value="0px 0px" />
			<value name="size" value="280px 100px" />
			<value name="margin" value="20px 0px 0px 0px" />
		</template>
		<template name="gcMenuSettingsButtonLayoutBackground" anchor="middleCenter" extends="gcBase">
			<value name="size" value="50px 50px" />
			<value name="imageColor" value="gray3" />
		</template>
		<template name="gcMenuSettingsButtonLayoutButton" anchor="middleCenter" extends="gcBase">
			<value name="size" value="30px 30px" />
			<value name="position" value="0px 0px" />
			<value name="hasOverlay" value="true" />
			<value name="isActivable" value="true" />
		</template>
		<template name="gcMenuSettingsButtonLayoutButton_overlay" anchor="middleCenter" extends="gcMenuSettingsButtonLayoutButton">
			<value name="imageColor" value="transparent" />
			<value name="imageColor_selected" value="gcBlue" />
			<value name="imageColor_disabled" value="transparent" />
			<value name="imageColor_disabledSelected" value="image_disabled" />
		</template>
		<template name="gcMenuSettingsButtonLayoutText" anchor="leftCenter" extends="gcBase_text">
			<value name="textSize" value="22px" />
			<value name="textAlignment" value="center" />
			<value name="margin" value="20px 0px 0px 0px" />
			<value name="textBold" value="false" />
		</template>
		<template name="gcMenuErrorsTable" anchor="middleCenter" extends="gcBase">
			<value name="size" value="1800px 900px" />
			<value name="position" value="0px 0px" />
			<value name="orientation" value="y" />
			<value name="maxItemsX" value="1" />
			<value name="maxItemsY" value="29" />
		</template>
		<template name="gcMenuErrorsTableItem" anchor="middleCenter" extends="gcBase">
			<value name="size" value="1800px 30px" />
			<value name="hasOverlay" value="true" />
		</template>
		<template name="gcMenuErrorsTableItem_overlay" anchor="middleCenter" extends="gcBase">
			<value name="size" value="1800px 30px" />
			<value name="imageColor" value="glass0_1" />
			<value name="imageColor_selected" value="glass0_2" />
		</template>
		<template name="gcMenuErrorsTableItemText" anchor="leftTop" extends="gcBase_text">
			<value name="size" value="0px 0px" />
			<value name="textSize" value="18px" />
			<value name="textAlignment" value="left" />
			<value name="margin" value="10px 5px 0px 0px" />
			<value name="textMaxWidth" value="1700px" />
		</template>
		<template name="gcMenuFactoriesButtonBack_overlay" anchor="leftBottom" extends="gcBaseGuiButton_overlay" />

		<!--###################################################################################################################################-->
		<!--##########################################   -GcMainScreen - Factories-   #########################################################-->
		<!--###################################################################################################################################-->
		<template name="gcMenuFactoriesLayout1" anchor="middleCenter" extends="">
			<value name="orientation" value="y" />
			<value name="alignment" value="top" />
			<value name="size" value="1900px 900px" />
			<value name="position" value="0px 0px" />
			<value name="margin" value="0px 0px 0px 0px" />
		</template>
		<template name="gcMenuFactoriesLayout2" anchor="middleCenter" extends="">
			<value name="orientation" value="x" />
			<value name="alignment" value="middle" />
			<value name="size" value="1900px 900px" />
			<value name="position" value="0px 0px" />
			<value name="margin" value="0px 0px 0px 0px" />
		</template>
		<template name="gcMenuFactoriesLayout3" anchor="middleCenter" extends="gcMenuFactoriesLayout2">
			<value name="alignment" value="left" />
			<value name="size" value="1900px 50px" />
			<value name="margin" value="0px 10px 0px 0px" />
		</template>
		<template name="gcMenuFactoriesBackgroundLeft" anchor="leftCenter" extends="gcBase">
			<value name="size" value="900px 900px" />
			<value name="position" value="0px 0px" />
			<value name="imageColor" value="transparent" />
			<value name="hasBorders" value="true" />
			<value name="borderLeftSize" value="2px" />
			<value name="borderRightSize" value="2px" />
			<value name="borderTopSize" value="2px" />
			<value name="borderBottomSize" value="6px" />
			<value name="borderLeftColor" value="gray2" />
			<value name="borderRightColor" value="gray2" />
			<value name="borderTopColor" value="gray2" />
			<value name="borderBottomColor" value="gcBlue" />
		</template>
		<template name="gcMenuFactoriesTableHeader" anchor="leftTop" extends="gcBase">
			<value name="size" value="880px 35px" />
			<value name="position" value="10px -5px" />
			<value name="hasOverlay" value="true" />			
		</template>
		<template name="gcMenuFactoriesTableHeader_button" anchor="leftTop" extends="gcMenuFactoriesTableHeader">
			<value name="position" value="0px 0px" />
			<value name="hasOverlay" value="true" />			
			<value name="hasText" value="true" />			
		</template>
		<template name="gcMenuFactoriesTableHeader_button_overlay" anchor="leftTop" extends="gcMenuFactoriesTableHeader_button">
			<value name="imageColor" value="buttonMain" />
			<value name="imageColor_selected" value="gcBlue" />
			<value name="imageColor_disabled" value="transparent" />
		</template>
		<template name="gcMenuFactoriesTableHeader_button_text" anchor="leftTop" extends="gcMenuFactoriesTableHeader_button">
			<value name="position" value="0px 0px" />
			<value name="textUpperCase" value="false" />
			<value name="textAlignment" value="left" />
			<value name="textSize" value="20px" />
			<value name="textMargin" value="40px 5px 0px 0px" />
			<value name="textColor_selected" value="white" />	
		</template>
		<template name="gcMenuFactoriesTableHeader_overlay" anchor="leftTop" extends="gcMenuFactoriesTableHeader">
			<value name="size" value="20px 20px" />
			<value name="position" value="10px -9px" />
			<value name="imageUVs" value="icon_arrowBottom" />
			<value name="imageColor" value="white" />
			<value name="imageColor_selected" value="white" />
			<value name="imageColor_disabled" value="transparent" />
		</template>
		

		<template name="gcMenuFactoriesTableLayout" anchor="leftTop" extends="gcBase">
			<value name="orientation" value="y" />
			<value name="alignment" value="top" />
			<value name="size" value="880px 840px" />
			<value name="position" value="10px -45px" />
			<value name="maxItemsX" value="1" />
			<value name="maxItemsY" value="6" />
			<value name="hasSlider" value="true" />
		</template>
		<template name="gcFactoriesSeperator" extends="gcSeperator">
			<Value name="imageColor" value="gray2"/>
			<value name="imageColor_selected" value="gcBlue" />
		</template>
		
		<template name="gcMenuFactoriesButtonLayoutImage" anchor="leftTop" extends="gcBase">
			<value name="margin" value="40px 20px 0px 0px" />
			<value name="size" value="100px 100px" />
			<Value name="imageUVs" value="0 0 1 1"/>
			<Value name="imageUVs_selected" value="0 0 1 1"/>
			<Value name="imageFilename" value="g_factoryDefault"/>
		</template>
		<template name="gcMenuFactoriesLayoutButton" extends="gcBase">
			<value name="size" value="850px 136px" />
			<value name="hasOverlay" value="true" />
			<value name="isActivable" value="true" />
			<value name="canDeactivable" value="false" />
			<value name="margin" value="0px 0px 0px 5px" />
		</template>
		<template name="gcMenuFactoriesLayoutButton_overlay" extends="gcMenuFactoriesLayoutButton">			
			<value name="imageColor" value="buttonMain" />
			<value name="imageColor_selected" value="buttonMain" />
			<value name="imageColor_disabled" value="transparent" />
			<value name="imageColor_disabledSelected" value="transparent" />
			<value name="borderLeftSize" value="2px" />
			<value name="borderRightSize" value="2px" />
			<value name="borderTopSize" value="2px" />
			<value name="borderBottomSize" value="2px" />
			<value name="borderLeftSize_selected" value="2px" />
			<value name="borderRightSize_selected" value="2px" />
			<value name="borderTopSize_selected" value="2px" />
			<value name="borderBottomSize_selected" value="2px" />
			<value name="borderLeftColor" value="gray2" />
			<value name="borderRightColor" value="gray2" />
			<value name="borderTopColor" value="gray2" />
			<value name="borderBottomColor" value="gray2" />
			<value name="borderLeftColor_selected" value="gcBlue" />
			<value name="borderRightColor_selected" value="gcBlue" />
			<value name="borderTopColor_selected" value="gcBlue" />
			<value name="borderBottomColor_selected" value="gcBlue" />
		</template>
		<template name="gcMenuFactoriesButtonLayoutTextLayoutHeader" anchor="middleTop" extends="gcBase">
			<value name="orientation" value="x" />
			<value name="alignment" value="middle" />
			<value name="size" value="650px 25px" />
			<value name="position" value="90px -10px" />
		</template>
		<template name="gcMenuFactoriesButtonLayoutTextHeader" anchor="middleCenter" extends="gcBase_text">
			<value name="textSize" value="22px" />
			<value name="textAlignment" value="center" />
			<value name="margin" value="0px 0px 0px 0px" />
			<value name="textBold" value="true" />
			<value name="textBold_selected" value="true" />			
			<value name="textMaxWidth" value="500px"/>
		</template>
		<template name="gcMenuFactoriesButtonLayoutTextHeader2" anchor="middleCenter" extends="gcBase_text">
			<value name="textSize" value="20px" />
			<value name="textAlignment" value="center" />
			<value name="margin" value="0px 0px 0px 0px" />
			<value name="textBold" value="false" />
			<value name="textBold_selected" value="false" />		
		</template>
		<template name="gcMenuFactoriesButtonLayoutTextInfoHeader" anchor="leftCenter" extends="gcBase_text">
			<value name="textSize" value="17px" />
			<value name="textAlignment" value="left" />			
			<value name="textBold" value="true" />
			<value name="textBold_selected" value="true" />	
		</template>
		<template name="gcMenuFactoriesButtonLayoutTextInfoHeaderData" anchor="leftCenter" extends="gcBase_text">
			<value name="textSize" value="17px" />
			<value name="textAlignment" value="left" />			
			<value name="textBold" value="false" />
			<value name="textBold_selected" value="false" />	
		</template>		
		<template name="gcMenuFactoriesTableLayout_slider" anchor="rightTop" extends="gcBase">
			<value name="size" value="20px 840px" />
			<value name="position" value="0px 0px" />
			<value name="hasOverlay" value="true" />
		</template>
		<template name="gcMenuFactoriesTableLayout_slider_overlay" anchor="rightTop" extends="gcMenuFactoriesTableLayout_slider">
			<value name="position" value="0px 0px" />
			<value name="imageColor" value="buttonMain" />
			<value name="imageColor_selected" value="gcBlue" />
		</template>

		<template name="gcMenuFactoriesButtonBack" anchor="leftBottom" extends="gcBaseGuiButton">
			<value name="size" value="53px 43px" />
			<value name="position" value="20px 0px"/>
			<value name="clickZone" value="-2px 48px 120px -2px 120px 48px -4px -4px" />					
			<value name="inputAction" value="MENU_BACK"/>
		</template>		
		<template name="gcMenuFactoriesButtonBack_text" anchor="leftBottom" extends="gcBase">
			<value name="size" value="53px 43px" />			
			<value name="textMargin" value="5px 0px 0px 18px" />
			<value name="textUpperCase" value="true" />
			<value name="textSize" value="19px" />
			<value name="textBold" value="false" />
			<value name="textColor_selected" value="text" />	
			<value name="textAlignment" value="center" />
		</template>
		
		<!--###################################################################################################################################-->
		<!--##########################################   -GC-Menu - IngameMap-   ##############################################################-->
		<!--###################################################################################################################################-->		
		<template name="gcMenuPdaBackground" anchor="rightCenter" extends="gcBase">
			<value name="size" value="900px 900px" />
			<value name="position" value="50px 0px" />			
			<value name="imageColor" value="transparent" />
			<value name="hasBorders" value="true" />
			<value name="borderLeftSize" value="2px" />
			<value name="borderRightSize" value="2px" />
			<value name="borderTopSize" value="2px" />
			<value name="borderBottomSize" value="6px" />
			<value name="borderLeftColor" value="gray2" />
			<value name="borderRightColor" value="gray2" />
			<value name="borderTopColor" value="gray2" />
			<value name="borderBottomColor" value="gcBlue" />	
		</template>
		<template name="gcMenuPdaMap" anchor="middleCenter" extends="gcBase">
			<value name="size" value="880px 880px" />
			<value name="position" value="0px 0px" />			
		</template>
		<template name="gcMenuPdaMap_overlay" anchor="middleCenter" extends="gcMenuPdaMap">		
			<value name="imageFilename" value="pda" />	
			<value name="imageUVs" value="0px 0px 1024px 1024px" />	
		</template>
		<template name="gcMenuPdaMapMarker" anchor="middleCenter" extends="gcBase">
			<value name="size" value="10px 10px" />
			<value name="position" value="0px 0px" />	
			<value name="imageUVs" value="icon_circle" />			
			<value name="imageColor" value="gcBlue" />				
		</template>

		<!--###################################################################################################################################-->
		<!--#############################################   -DynamicStorage-   ################################################################-->
		<!--###################################################################################################################################-->
		<template name="gcDynStorage" anchor="middleCenter" extends="gcBase">
			<value name="size" value="1920px 1080px" />
			<value name="imageColor" value="glass0_1" />
		</template>
		<template name="gcDynStorageBackground" anchor="middleCenter" extends="gcBase gcBorder">
			<value name="size" value="1600px 850px" />
			<value name="position" value="0px 0px" />
			<value name="hasBorders" value="true" />
			<value name="borderBottomSize" value="6px" />
			<value name="borderBottomColor" value="gcBlue" />
			<Value name="imageUVs" value="colorBg"/>
			<value name="imageColor" value="0.018 0.016 0.015 0.6" />
		</template>
		<template name="gcDynStorageButtonsLayout" anchor="middleBottom" extends="gcBase">
			<value name="orientation" value="x" />
			<value name="alignment" value="left" />
			<value name="position" value="0px 50px" />
			<value name="size" value="1600px 50px" />
		</template>
		<template name="gcDynStorageTextHeader" anchor="middleTop" extends="gcBase_text">
			<value name="textSize" value="26px" />
			<value name="textBold" value="true" />
			<value name="textAlignment" value="center" />
			<value name="margin" value="0px 20px 0px 0px" />
		</template>
		<template name="gcDynStorageTextInfo" anchor="middleTop" extends="gcBase_text">
			<value name="textSize" value="20px" />
			<value name="textAlignment" value="center" />
			<value name="margin" value="0px 80px 0px 0px" />
			<value name="textColor_selected" value="white" />
		</template>
		<template name="gcDynStorageBox" anchor="middleCenter" extends="gcBase">
			<value name="orientation" value="x" />
			<value name="maxItemsX" value="6" />
			<value name="maxItemsY" value="1" />
			<value name="position" value="0px 0px" />
			<value name="size" value="1600px 400px" />
		</template>
		<template name="gcDynStorageBoxBackgroud" anchor="middleCenter" extends="gcBase">
			<value name="size" value="250px 400px" />
			<value name="position" value="0px 0px" />			
			<value name="margin" value="5px 0px 5px 0px" />
			<value name="hasOverlay" value="true" />
			<value name="isActivable" value="true" />
			<value name="canDeactivable" value="false" />
		</template>
		<template name="gcDynStorageBoxBackgroud_overlay" anchor="middleCenter" extends="gcDynStorageBoxBackgroud">	
			<Value name="imageUVs" value="colorBg"/>
			<value name="imageColor" value="0.018 0.016 0.015 0.8" />
			<value name="imageColor_selected" value="gcBlue" />
			<value name="margin" value="0px 0px 0px 0px" />
		</template>
		<template name="gcDynStorageBoxTextNumber" anchor="middleTop" extends="gcDynStorageTextInfo">
			<value name="textSize" value="25px" />
			<value name="margin" value="0px 30px 0px 0px" />
		</template>
		<template name="gcDynStorageBoxTextContent" anchor="middleTop" extends="gcDynStorageTextInfo">
			<value name="textSize" value="20px" />
			<value name="margin" value="0px 130px 0px 0px" />
		</template>
		<template name="gcDynStorageBoxTextFillLevel" anchor="middleTop" extends="gcDynStorageTextInfo">
			<value name="textSize" value="20px" />
			<value name="margin" value="0px 180px 0px 0px" />
		</template>
		<template name="gcDynStorageBoxFillLevelBg" anchor="middleTop" extends="gcBase gcBorder">
			<Value name="imageUVs" value="colorBg"/>
			<Value name="imageColor" value="transparent"/>
			<Value name="imageColor_selected" value="transparent"/>
			<value name="imageColor_disabled" value="text_disabled" />
			<value name="hasBorders" value="true" />
			<value name="borderLeftSize" value="2px" />
			<value name="borderRightSize" value="2px" />
			<value name="borderTopSize" value="2px" />
			<value name="borderBottomSize" value="2px" />
			<value name="borderLeftSize_selected" value="2px" />
			<value name="borderRightSize_selected" value="2px" />
			<value name="borderTopSize_selected" value="2px" />
			<value name="borderBottomSize_selected" value="2px" />
			<value name="borderLeftColor" value="gray1" />
			<value name="borderRightColor" value="gray1" />
			<value name="borderTopColor" value="gray1" />
			<value name="borderBottomColor" value="gray1" />
			<value name="borderLeftColor_disabled" value="text_disabled" />
			<value name="borderRightColor_disabled" value="text_disabled" />
			<value name="borderTopColor_disabled" value="text_disabled" />
			<value name="borderBottomColor_disabled" value="text_disabled" />
		</template>
		<template name="gcDynStorageBoxFillLevel" anchor="leftCenter" extends="gcBase">
			<Value name="imageUVs" value="colorBg"/>
			<Value name="imageColor" value="gcBlue"/>
			<Value name="imageColor_selected" value="0.018 0.016 0.015 0.8"/>
			<value name="imageColor_disabled" value="text_disabled2" />
			<value name="margin" value="1px 0px 0px 0px" />
		</template>

		<!--###################################################################################################################################-->
		<!--########################################   -PlaceableDigitalDisplay-   ############################################################-->
		<!--###################################################################################################################################-->
		<template name="gcPlaceDigDisplay" anchor="middleCenter" extends="gcBase">
			<value name="size" value="1920px 1080px" />
			<value name="imageColor" value="glass0_1" />
		</template>
		<template name="gcPlaceDigDisplayBackground" anchor="middleCenter" extends="gcBase gcBorder">
			<value name="size" value="1200px 700px" />
			<value name="position" value="0px 0px" />
			<value name="hasBorders" value="true" />
			<value name="borderBottomSize" value="6px" />
			<value name="borderBottomColor" value="gcBlue" />
			<Value name="imageUVs" value="colorBg"/>
			<value name="imageColor" value="0.018 0.016 0.015 0.6" />
		</template>
		<template name="gcPlaceDigDisplayTextHeader" anchor="middleTop" extends="gcBase_text">
			<value name="textSize" value="26px" />
			<value name="textBold" value="true" />
			<value name="textAlignment" value="center" />
			<value name="margin" value="0px 20px 0px 0px" />
		</template>
		<template name="gcPlaceDigDisplayTextInfo" anchor="middleTop" extends="gcBase_text">
			<value name="textSize" value="20px" />
			<value name="textAlignment" value="center" />
			<value name="margin" value="0px 80px 0px 0px" />
			<value name="textColor_selected" value="white" />
		</template>
		<template name="gcPlaceDigDisplayInputBackground" anchor="middleTop" extends="gcBase">
			<value name="size" value="1000px 510px" />
			<value name="position" value="0px -150px" />
			<Value name="imageUVs" value="colorBg"/>
			<value name="imageColor" value="0.02 0.016 0.015 0.8" />
		</template>
		<template name="gcPlaceDigDisplayInput" anchor="middleTop" extends="gcBase">
			<value name="size" value="900px 50px" />			
			<value name="hasOverlay" value="true" />
			<value name="isActivable" value="true" />
			<value name="margin" value="0px 0px 0px 0px" />
		</template>
		<template name="gcPlaceDigDisplayInput_text" anchor="middleTop" extends="gcPlaceDigDisplayInput">
			<value name="size" value="880px 50px" />
			<value name="textColor_selected" value="white" />
			<value name="textAlignment" value="left" />
			<value name="textMargin" value="0px -13px 0px 0px" />
			<value name="textSize" value="20px" />
			<value name="margin" value="0px 50px 0px 0px" />
		</template>
		<template name="gcPlaceDigDisplayInput_overlay" anchor="middleTop" extends="gcPlaceDigDisplayInput">			
			<value name="imageColor" value="0.718 0.716 0.715 0.02" />
			<value name="imageColor_selected" value="0.9910 0.3865 0.0100 0.03" />
			<value name="margin" value="0px 0px 0px 0px" />
		</template>
		<template name="gcPlaceDigDisplayButtonsLayout" anchor="middleBottom" extends="gcBase">
			<value name="orientation" value="x" />
			<value name="alignment" value="left" />
			<value name="position" value="0px 125px" />
			<value name="size" value="1200px 50px" />
		</template>

		<!--###################################################################################################################################-->
		<!--##########################################   -GlobalMarketObject-   ###############################################################-->
		<!--###################################################################################################################################-->
		<template name="gcGlobalMarket" anchor="middleCenter" extends="gcBase">
			<value name="size" value="1920px 1080px" />
			<value name="imageColor" value="glass0_1" />
		</template>
		<template name="gcGlobalMarketBackground" anchor="middleCenter" extends="gcBase gcBorder">
			<value name="size" value="1600px 900px" />
			<value name="position" value="0px 0px" />
			<value name="hasBorders" value="true" />
			<value name="borderBottomSize" value="6px" />
			<value name="borderBottomColor" value="gcBlue" />
			<Value name="imageUVs" value="colorBg"/>
			<value name="imageColor" value="0.018 0.016 0.015 0.6" />
		</template>
		<template name="gcGlobalMarketTextHeader" anchor="middleTop" extends="gcBase_text">
			<value name="textSize" value="26px" />
			<value name="textBold" value="true" />
			<value name="textAlignment" value="center" />
			<value name="margin" value="0px 20px 0px 0px" />
		</template>
		<template name="gcGlobalMarketTextInfo" anchor="middleTop" extends="gcBase_text">
			<value name="textSize" value="20px" />
			<value name="textAlignment" value="center" />
			<value name="margin" value="0px 80px 0px 0px" />
			<value name="textColor_selected" value="white" />
		</template>
		<template name="gcGlobalMarketButtonsLayout1" anchor="middleBottom" extends="gcBase">
			<value name="orientation" value="x" />
			<value name="alignment" value="left" />
			<value name="position" value="0px 30px" />
			<value name="size" value="1600px 50px" />		
		</template>
		<template name="gcGlobalMarketButtonsLayout2" anchor="middleBottom" extends="gcBase">
			<value name="orientation" value="x" />
			<value name="alignment" value="right" />
			<value name="position" value="0px 30px" />
			<value name="size" value="1600px 50px" />		
		</template>
		<template name="gcGlobalMarketLayout" anchor="leftCenter" extends="gcBase">
			<value name="orientation" value="x" />
			<value name="alignment" value="left" />
			<value name="position" value="0px -40px" />
			<value name="size" value="1600px 750px" />
		</template>
		<template name="gcGlobalMarketButtonsLeftLayout" anchor="middleBottom" extends="gcBase">
			<value name="orientation" value="y" />
			<value name="alignment" value="center" />
			<value name="position" value="0px 0px" />
			<value name="size" value="200px 750px" />
		</template>
		<template name="gcGlobalMarketRightLayout" anchor="leftCenter" extends="gcBase">
			<value name="orientation" value="y" />
			<value name="alignment" value="top" />
			<value name="position" value="200px -40px" />
			<value name="size" value="1400px 750px" />
		</template>
		<template name="gcGlobalMarketTextLayout" anchor="leftCenter" extends="gcBase">
			<value name="orientation" value="x" />
			<value name="alignment" value="left" />
			<value name="position" value="0px 0px" />
			<value name="size" value="200px 30px" />
		</template>
		<template name="gcGlobalMarketFilterLayout" anchor="middleBottom" extends="gcBase">
			<value name="orientation" value="x" />
			<value name="alignment" value="left" />
			<value name="position" value="0px 0px" />
			<value name="size" value="1400px 35px" />
		</template>		
		<template name="gcGlobalMarketButtonsLeft" anchor="leftTop" extends="gcBase">
			<value name="size" value="150px 150px" />
			<value name="position" value="10px -5px" />
			<value name="hasOverlay" value="true" />			
			<value name="isActivable" value="true" />				
		</template>
		<template name="gcGlobalMarketButtonsLeft_overlay" anchor="leftTop" extends="gcGlobalMarketButtonsLeft gcBase_border">
			<value name="imageColor" value="gray3" />		
			<value name="imageColor_selected" value="gray3" />			
			<value name="hasBorders" value="true" />				
			<value name="borderLeftSize_selected" value="8px" />
			<value name="borderRightSize_selected" value="8px" />
			<value name="borderTopSize_selected" value="8px" />
			<value name="borderBottomSize_selected" value="8px" />
			<value name="borderLeftColor_selected" value="gcBlue" />
			<value name="borderRightColor_selected" value="gcBlue" />
			<value name="borderTopColor_selected" value="gcBlue" />
			<value name="borderBottomColor_selected" value="gcBlue" />
		</template>
		<template name="gcGlobalMarketButtonsPriceIconNormal" anchor="leftCenter" extends="gcBase">
			<value name="size" value="25px 25px" />
			<value name="position" value="0px 0px" />		
			<value name="imageUVs" value="icon_priceArrow" />	
			<value name="imageUVs_selected" value="icon_priceArrow" />	
			<value name="imageColor" value="orange" />	
			<value name="imageColor_selected" value="orange" />		
			<value name="margin" value="10px 0px 20px 0px" />		
			<value name="rotation" value="4.7" />		
		</template>
		<template name="gcGlobalMarketButtonsPriceIconDown" anchor="leftCenter" extends="gcGlobalMarketButtonsPriceIconNormal">	
			<value name="imageColor" value="green" />	
			<value name="imageColor_selected" value="green" />			
			<value name="rotation" value="0" />			
		</template>
		<template name="gcGlobalMarketButtonsPriceIconUp" anchor="leftCenter" extends="gcGlobalMarketButtonsPriceIconNormal">	
			<value name="imageColor" value="red" />	
			<value name="imageColor_selected" value="red" />			
			<value name="rotation" value="3.1" />		
		</template>
		<template name="gcGlobalMarketButtonsPreview" anchor="leftCenter" extends="gcBase">
			<value name="size" value="80px 80px" />
			<value name="position" value="0px 10px" />		
			<value name="imageUVs" value="0px 0px 1024px 1024px" />	
			<value name="imageUVs_selected" value="0px 0px 1024px 1024px" />	
			<value name="margin" value="0px 0px 20px 0px" />	
		</template>
		<template name="gcGlobalMarketButtonsLeftImg1" anchor="middleCenter" extends="gcBase">
			<value name="size" value="140px 140px" />
			<value name="position" value="0px 0px" />		
			<value name="imageFilename" value="g_gcUi2" />	
			<value name="imageUVs" value="icon_market_storage" />	
			<value name="imageUVs_selected" value="icon_market_storage" />	
			<value name="imageColor" value="white" />	
			<value name="imageColor_selected" value="white" />		
		</template>
		<template name="gcGlobalMarketButtonsLeftImg2" anchor="middleCenter" extends="gcGlobalMarketButtonsLeftImg1">	
			<value name="imageUVs" value="icon_market_buy" />	
			<value name="imageUVs_selected" value="icon_market_buy" />		
		</template>
		<template name="gcGlobalMarketTableHeader" anchor="leftTop" extends="gcBase">
			<value name="size" value="880px 35px" />
			<value name="position" value="10px 0px" />
			<value name="hasOverlay" value="true" />					
		</template>
		<template name="gcGlobalMarketTableHeader_button" anchor="leftTop" extends="gcGlobalMarketTableHeader">
			<value name="position" value="0px 0px" />
			<value name="hasOverlay" value="true" />			
			<value name="hasText" value="true" />			
		</template>
		<template name="gcGlobalMarketTableHeader_button_overlay" anchor="leftTop" extends="gcGlobalMarketTableHeader_button">
			<value name="imageColor" value="buttonMain" />
			<value name="imageColor_selected" value="gcBlue" />
			<value name="imageColor_disabled" value="transparent" />
		</template>
		<template name="gcGlobalMarketTableHeader_button_text" anchor="leftTop" extends="gcGlobalMarketTableHeader_button">
			<value name="position" value="0px 0px" />
			<value name="textUpperCase" value="false" />
			<value name="textAlignment" value="left" />
			<value name="textSize" value="20px" />
			<value name="textMargin" value="10px 5px 0px 0px" />
			<value name="textColor_selected" value="white" />	
		</template>
		<template name="gcGlobalMarketTableHeader_overlay" anchor="leftTop" extends="gcGlobalMarketTableHeader">
			<value name="size" value="20px 20px" />
			<value name="position" value="10px -9px" />
			<value name="imageUVs" value="icon_arrowBottom" />
			<!--value name="imageColor" value="white" />
			<value name="imageColor_selected" value="white" /-->
			<value name="imageColor" value="transparent" />
			<value name="imageColor_selected" value="transparent" />
			<value name="imageColor_disabled" value="transparent" />
		</template>
		<template name="gcGlobalMarketTableLayout" anchor="leftTop" extends="gcBase">
			<value name="orientation" value="y" />
			<value name="alignment" value="top" />
			<value name="size" value="1380px 640px" />
			<value name="position" value="10px -10px" />
			<value name="maxItemsX" value="1" />
			<value name="maxItemsY" value="16" />
			<value name="hasSlider" value="true" />
		</template>
		<template name="gcGlobalMarketTableLayout_slider" anchor="rightTop" extends="gcBase">
			<value name="size" value="20px 640px" />
			<value name="position" value="0px 0px" />
			<value name="hasOverlay" value="true" />
		</template>
		<template name="gcGlobalMarketTableLayout_slider_overlay" anchor="rightTop" extends="gcMenuFactoriesTableLayout_slider">
			<value name="position" value="0px 0px" />
			<value name="imageColor" value="buttonMain" />
			<value name="imageColor_selected" value="gcBlue" />
		</template>
		<template name="gcGlobalMarketTableLayout2" anchor="leftTop" extends="gcBase">
			<value name="orientation" value="y" />
			<value name="alignment" value="top" />
			<value name="size" value="1380px 640px" />
			<value name="position" value="10px -10px" />
			<value name="maxItemsX" value="1" />
			<value name="maxItemsY" value="8" />
			<value name="hasSlider" value="true" />
		</template>
		<template name="gcGlobalMarketTableLayout2_slider" anchor="rightTop" extends="gcBase">
			<value name="size" value="20px 640px" />
			<value name="position" value="0px 0px" />
			<value name="hasOverlay" value="true" />
		</template>
		<template name="gcGlobalMarketTableLayout2_slider_overlay" anchor="rightTop" extends="gcMenuFactoriesTableLayout_slider">
			<value name="position" value="0px 0px" />
			<value name="imageColor" value="buttonMain" />
			<value name="imageColor_selected" value="gcBlue" />
		</template>
		<template name="gcGlobalMarketLayoutButton" extends="gcBase">
			<value name="size" value="1340px 35px" />
			<value name="hasOverlay" value="true" />
			<value name="isActivable" value="true" />
			<value name="canDeactivable" value="false" />
			<value name="margin" value="0px 0px 0px 5px" />
		</template>
		<template name="gcGlobalMarketLayoutButton_overlay" extends="gcGlobalMarketLayoutButton">			
			<value name="imageColor" value="buttonMain" />
			<value name="imageColor_selected" value="buttonMain" />
			<value name="imageColor_disabled" value="transparent" />
			<value name="imageColor_disabledSelected" value="transparent" />
		</template>
		<template name="gcGlobalMarketLayoutButton2" extends="gcBase">
			<value name="size" value="1340px 80px" />
			<value name="hasOverlay" value="true" />
			<value name="isActivable" value="true" />
			<value name="canDeactivable" value="false" />
			<value name="margin" value="0px 0px 0px 5px" />
		</template>
		<template name="gcGlobalMarketLayoutButton2_overlay" extends="gcGlobalMarketLayoutButton2">			
			<value name="imageColor" value="buttonMain" />
			<value name="imageColor_selected" value="buttonMain" />
			<value name="imageColor_disabled" value="transparent" />
			<value name="imageColor_disabledSelected" value="transparent" />
		</template>
		<template name="gcGlobalMarketTableLayoutText" anchor="leftCenter" extends="gcBase_text">
			<value name="textSize" value="17px" />
			<value name="textAlignment" value="left" />			
			<value name="textBold" value="false" />
			<value name="textBold_selected" value="false" />	
			<value name="textColor_selected" value="gcBlueLight" />	
		</template>
		<template name="gcGlobalMarketBtnSynch" extends="gcBase">
			<value name="size" value="50px 50px" />
			<value name="hasOverlay" value="true" />
			<value name="isActivable" value="true" />
			<value name="canDeactivable" value="false" />
			<value name="margin" value="0px 0px 0px 5px" />
		</template>
		<template name="gcGlobalMarketBtnSynch_overlay" extends="gcGlobalMarketBtnSynch">			
			<value name="imageColor" value="white" />
			<value name="imageFilename" value="g_gcUi2" />	
			<value name="imageUVs" value="icon_market_synch" />	
			<value name="imageUVs_selected" value="icon_market_synch" />	
			<value name="imageColor_selected" value="gcBlue" />
		</template>

		<!--###################################################################################################################################-->
		<!--############################################   -GlobalMarket - LevelDialo-   ######################################################-->
		<!--###################################################################################################################################-->
		<template name="gcGlobalMarketLd" anchor="middleCenter" extends="gcBase">
			<value name="size" value="1920px 1080px" />
			<value name="imageColor" value="glass0_1" />
		</template>
		<template name="gcGlobalMarketLdBackground" anchor="middleCenter" extends="gcBase gcBorder">
			<value name="size" value="1200px 600px" />
			<value name="position" value="0px 0px" />
			<value name="hasBorders" value="true" />
			<value name="borderBottomSize" value="6px" />
			<value name="borderBottomColor" value="gcBlue" />
			<Value name="imageUVs" value="colorBg"/>
			<value name="imageColor" value="0.018 0.016 0.015 0.6" />
		</template>
		<template name="gcGlobalMarketLdButtonsLayout" anchor="middleBottom" extends="gcBase">
			<value name="orientation" value="x" />
			<value name="alignment" value="left" />
			<value name="position" value="0px 180px" />
			<value name="size" value="1200px 50px" />		
		</template>
		<template name="gcGlobalMarketLdContent" anchor="middleCenter" extends="gcBase">
			<value name="orientation" value="y" />
			<value name="alignment" value="top" />
			<value name="position" value="0px -50px" />
			<value name="size" value="1100px 454px" />		
		</template>
		<template name="gcGlobalMarketLdContent1" anchor="middleCenter" extends="gcBase">
			<value name="orientation" value="x" />
			<value name="alignment" value="middle" />
			<value name="position" value="0px 0px" />
			<value name="size" value="1100px 250px" />		
		</template>
		<template name="gcGlobalMarketLdContent2" anchor="middleCenter" extends="gcBase">
			<value name="orientation" value="y" />
			<value name="alignment" value="top" />
			<value name="position" value="0px 0px" />
			<value name="size" value="1100px 200px" />		
		</template>
		<template name="gcGlobalMarketLdContent21" anchor="middleCenter" extends="gcBase">
			<value name="orientation" value="x" />
			<value name="alignment" value="left" />
			<value name="position" value="0px -20px" />
			<value name="size" value="1080px 40px" />		
		</template>
		<template name="gcGlobalMarketLdSep" anchor="middleCenter" extends="gcBase">
			<value name="size" value="1100px 4px" />
			<value name="imageColor" value="gcBlue" />
		</template>
		<template name="gcGlobalMarketLdContent11" anchor="middleCenter" extends="gcBase">
			<value name="orientation" value="y" />
			<value name="alignment" value="center" />
			<value name="position" value="10px 0px" />
			<value name="size" value="70px 200px" />			
		</template>
		<template name="gcGlobalMarketLdContent12" anchor="middleCenter" extends="gcBase">
			<value name="orientation" value="y" />
			<value name="alignment" value="top" />
			<value name="position" value="10px 0px" />
			<value name="size" value="60px 250px" />		
		</template>
		<template name="gcGlobalMarketLdContent11Btn" anchor="leftTop" extends="gcBase">
			<value name="size" value="60px 60px" />
			<value name="position" value="0px 0px" />
			<value name="hasOverlay" value="true" />				
		</template>
		<template name="gcGlobalMarketLdContent11Btn_overlay" anchor="leftTop" extends="gcGlobalMarketLdContent11Btn gcBase_border">
			<value name="imageColor" value="gray3" />		
			<value name="imageColor_selected" value="gray3" />		
		</template>
		<template name="gcGlobalMarketLdContent11BtnArrowUp" anchor="middleCenter" extends="gcBase">
			<value name="size" value="40px 40px" />
			<value name="position" value="0px 5px" />					
			<value name="imageUVs" value="icon_arrowBottom" />	
			<value name="imageUVs_selected" value="icon_arrowBottom" />	
			<value name="imageColor" value="white" />	
			<value name="imageColor_selected" value="gcBlue" />		
			<value name="rotation" value="3.14159" />		
		</template>
		<template name="gcGlobalMarketLdContent11BtnArrowDown" anchor="middleCenter" extends="gcGlobalMarketLdContent11BtnArrowUp">
			<value name="position" value="0px -5px" />	
			<value name="rotation" value="0" />		
		</template>
		<template name="gcGlobalMarketLdContent11BtnNumber" anchor="middleTop" extends="gcBase_text">
			<value name="textSize" value="24px" />
			<value name="textBold" value="false" />
			<value name="textAlignment" value="center" />
			<value name="margin" value="0px 20px 0px 20px" />
		</template>
		<template name="gcGlobalMarketLdContent11BtnNumberPoint" anchor="middleTop" extends="gcGlobalMarketLdContent11BtnNumber">
			<value name="margin" value="0px 115px 0px 20px" />
		</template>
		<template name="gcGlobalMarketLdContent2TextHeader" anchor="middleTop" extends="gcBase_text">
			<value name="textSize" value="24px" />
			<value name="textBold" value="true" />
			<value name="textAlignment" value="left" />
			<value name="margin" value="0px 0px 0px 0px" />
		</template>
		<template name="gcGlobalMarketLdContent2Text" anchor="middleTop" extends="gcBase_text">
			<value name="textSize" value="24px" />
			<value name="textBold" value="false" />
			<value name="textAlignment" value="left" />
			<value name="margin" value="0px 0px 0px 0px" />
		</template>
		<template name="gcGlobalMarketLdContent3" anchor="leftCenter" extends="gcBase">
			<value name="orientation" value="y" />
			<value name="alignment" value="top" />
			<value name="position" value="0px 0px" />
			<value name="size" value="1100px 400px" />		
			<value name="debugEnabled" value="true" />		
		</template>
		<template name="gcGlobalMarketLdContent4" anchor="leftCenter" extends="gcBase">
			<value name="orientation" value="x" />
			<value name="alignment" value="left" />
			<value name="position" value="0px 0px" />
			<value name="size" value="1100px 30px" />		
			<value name="debugEnabled" value="true" />		
		</template>
		<template name="gcGlobalMarketLdContent3TextHeader" anchor="middleTop" extends="gcBase_text">
			<value name="textSize" value="20px" />
			<value name="textBold" value="true" />
			<value name="textAlignment" value="left" />
			<value name="margin" value="0px 0px 0px 0px" />
		</template>
		<template name="gcGlobalMarketLdContent3Text" anchor="middleTop" extends="gcBase_text">
			<value name="textSize" value="20px" />
			<value name="textBold" value="false" />
			<value name="textAlignment" value="left" />
			<value name="margin" value="0px 0px 0px 0px" />
		</template>

		
		
		
		
		
		
		
		
		
		
		
		
		
		
		
		
		
		
		
		
		<!--###################################################################################################################################-->
		<!--#############################################   -Market-   ########################################################################-->
		<!--###################################################################################################################################-->
		<template name="gcMenuMarketBackground" anchor="middleCenter" extends="gcBase">
			<value name="size" value="1900px 900px" />
			<value name="position" value="0px 0px" />
			<value name="imageColor" value="transparent" />
			<value name="hasBorders" value="true" />
			<value name="borderLeftSize" value="2px" />
			<value name="borderRightSize" value="2px" />
			<value name="borderTopSize" value="2px" />
			<value name="borderBottomSize" value="6px" />
			<value name="borderLeftColor" value="gray2" />
			<value name="borderRightColor" value="gray2" />
			<value name="borderTopColor" value="gray2" />
			<value name="borderBottomColor" value="gcBlue" />
		</template>
		<template name="gcMenuMarketLayoutBottom" anchor="middleCenter" extends="gcBase">
			<value name="orientation" value="x" />
			<value name="alignment" value="left" />
			<value name="position" value="0px -480px" />
			<value name="size" value="1900px 50px" />
			<value name="margin" value="0px 0px 0px 0px" />
		</template>
		<template name="gcMenuMarketTypeLayout" anchor="middleTop" extends="gcBase">
			<value name="orientation" value="x" />
			<value name="maxItemsX" value="2" />
			<value name="position" value="0px -10px" />
			<value name="size" value="440px 40px" />
		</template>
		<template name="gcMenuMarketTypeButton" anchor="middleCenter" extends="gcBaseGuiButton">
			<value name="size" value="200px 40px" />
			<value name="margin" value="10px 0px 10px 0px" />
			<value name="position" value="0px 0px"/>	
			<value name="hasOverlay" value="true" />	
			<value name="hasText" value="true" />	
			<value name="isActivable" value="true" />	
			<value name="canDeactivable" value="false" />	
		</template>		
		<template name="gcMenuMarketTypeButton_overlay" anchor="middleCenter" extends="gcMenuMarketTypeButton">
			<value name="imageColor" value="buttonMain" />
			<value name="imageColor_selected" value="gcBlue" />
			<value name="imageColor_disabled" value="transparent" />
			<value name="margin" value="0px 0px 0px 0px" />
		</template>
		<template name="gcMenuMarketTypeButton_text" anchor="middleCenter" extends="gcMenuMarketTypeButton">
			<value name="textMargin" value="0px 0px 0px 0px" />
			<value name="textUpperCase" value="true" />
			<value name="textSize" value="17px" />
			<value name="textBold" value="false" />
			<value name="textColor_selected" value="text" />	
			<value name="textAlignment" value="center" />
		</template>
		<template name="gcMenuMarketTableSortLayout" anchor="middleTop" extends="gcBase">
			<value name="orientation" value="x" />
			<value name="alignment" value="left" />
			<value name="position" value="0px -60px" />
			<value name="size" value="1880px 35px" />
		</template>

		<template name="gcMenuMarketTableSort" anchor="leftTop" extends="gcBase">
			<value name="size" value="368px 35px" />
			<value name="position" value="0px 0px" />
			<value name="margin" value="0px 0px 4px 0px" />
			<value name="hasOverlay" value="true" />			
		</template>
		<template name="gcMenuMarketTableSort_button" anchor="leftTop" extends="gcMenuMarketTableSort">
			<value name="position" value="0px 0px" />
			<value name="hasOverlay" value="true" />			
			<value name="hasText" value="true" />			
		</template>
		<template name="gcMenuMarketTableSort_button_overlay" anchor="leftTop" extends="gcMenuMarketTableSort_button">
			<value name="imageColor" value="buttonMain" />
			<value name="imageColor_selected" value="gcBlue" />
			<value name="imageColor_disabled" value="transparent" />
		</template>
		<template name="gcMenuMarketTableSort_button_text" anchor="leftTop" extends="gcMenuMarketTableSort_button">
			<value name="position" value="0px 0px" />
			<value name="textUpperCase" value="false" />
			<value name="textAlignment" value="left" />
			<value name="textSize" value="20px" />
			<value name="textMargin" value="40px 5px 0px 0px" />
			<value name="textColor_selected" value="white" />	
		</template>
		<template name="gcMenuMarketTableSort_overlay" anchor="leftTop" extends="gcMenuMarketTableSort">
			<value name="size" value="20px 20px" />
			<value name="position" value="10px -9px" />
			<value name="imageUVs" value="icon_arrowBottom" />
			<value name="imageColor" value="white" />
			<value name="imageColor_selected" value="white" />
			<value name="imageColor_disabled" value="transparent" />
		</template>
		<template name="gcMenuMarketTableGoods" anchor="leftTop" extends="gcBase">
			<value name="orientation" value="y" />
			<value name="alignment" value="top" />
			<value name="size" value="1880px 790px" />
			<value name="position" value="10px -100px" />
			<value name="maxItemsX" value="1" />
			<value name="maxItemsY" value="25" />
			<value name="hasSlider" value="true" />
		</template>
		<template name="gcMenuMarketTableGoods_slider" anchor="rightTop" extends="gcBase">
			<value name="size" value="20px 790px" />
			<value name="position" value="0px 0px" />
			<value name="hasOverlay" value="true" />
		</template>
		<template name="gcMenuMarketTableGoods_slider_overlay" anchor="rightTop" extends="gcMenuMarketTableGoods_slider">
			<value name="position" value="0px 0px" />
			<value name="imageColor" value="buttonMain" />
			<value name="imageColor_selected" value="gcBlue" />
		</template>
		<template name="gcMenuMarketTableGoodsItem" extends="gcBase">
			<value name="size" value="1856px 27px" />
			<value name="hasOverlay" value="true" />
			<value name="isActivable" value="true" />
			<value name="canDeactivable" value="false" />
			<value name="margin" value="0px 0px 0px 5px" />
		</template>
		<template name="gcMenuMarketTableGoodsItem_overlay" extends="gcMenuMarketTableGoodsItem">			
			<value name="imageColor" value="transparent" />
			<value name="imageColor_selected" value="transparent" />
			<value name="imageColor_disabled" value="transparent" />
			<value name="imageColor_disabledSelected" value="transparent" />
		</template>
		<template name="gcMenuMarketTableGoodsItemLayout" extends="gcBase">
			<value name="orientation" value="x" />
			<value name="alignment" value="left" />
			<value name="position" value="0px 0px" />
			<value name="size" value="1856px 27px" />
		</template>
		<template name="gcMenuMarketTableGoodsItemButtonOverlay" anchor="leftTop" extends="gcBase">
			<value name="size" value="368px 27px" />
			<value name="position" value="0px 0px" />
			<value name="margin" value="0px 0px 4px 0px" />
			<value name="imageUVs" value="colorBg" />
			<value name="imageColor" value="buttonMain" />
			<value name="imageColor_selected" value="gcBlue" />
			<value name="imageColor_disabled" value="transparent" />	
		</template>
		<template name="gcMenuMarketTableGoodsItemButtonText" anchor="leftTop" extends="gcMenuMarketTableGoodsItemButtonOverlay">
			<value name="position" value="0px 0px" />
			<value name="textUpperCase" value="false" />
			<value name="textAlignment" value="left" />
			<value name="textSize" value="18px" />
			<value name="textMargin" value="10px 3px 0px 0px" />
			<value name="textColor_selected" value="white" />	
		</template>

		<!--###################################################################################################################################-->
		<!--###############################################   -AnimalFeeder-   ################################################################-->
		<!--###################################################################################################################################-->
		<template name="gcAnimalFeeder" anchor="middleCenter" extends="gcBase">
			<value name="size" value="1920px 1080px" />
			<value name="imageColor" value="glass0_1" />
		</template>
		<template name="gcAnimalFeederBackground" anchor="middleCenter" extends="gcBase gcBorder">
			<value name="size" value="1600px 900px" />
			<value name="position" value="0px 0px" />
			<value name="hasBorders" value="true" />
			<value name="borderBottomSize" value="6px" />
			<value name="borderBottomColor" value="gcBlue" />
			<Value name="imageUVs" value="colorBg"/>
			<value name="imageColor" value="0.018 0.016 0.015 0.6" />
		</template>
		<template name="gcAnimalFeederButtonsLayout" anchor="middleBottom" extends="gcBase">
			<value name="orientation" value="x" />
			<value name="alignment" value="left" />
			<value name="position" value="0px 30px" />
			<value name="size" value="1600px 50px" />
		</template>
		<template name="gcAnimalFeederTextHeader" anchor="middleTop" extends="gcBase_text">
			<value name="textSize" value="26px" />
			<value name="textBold" value="true" />
			<value name="textAlignment" value="center" />
			<value name="margin" value="0px 20px 0px 0px" />
		</template>
		<template name="gcAnimalFeederTextInfo" anchor="middleTop" extends="gcBase_text">
			<value name="textSize" value="20px" />
			<value name="textAlignment" value="center" />
			<value name="margin" value="0px 80px 0px 0px" />
			<value name="textColor_selected" value="white" />
		</template>
		<template name="gcAnimalFeederContentLayout1" anchor="middleCenter" extends="gcBase">
			<value name="orientation" value="x" />
			<value name="alignment" value="middle" />
			<value name="position" value="0px 20px" />
			<value name="size" value="1500px 650px" />
		</template>
		<template name="gcAnimalFeederContentLayout2" anchor="middleCenter" extends="gcBase">
			<value name="orientation" value="y" />
			<value name="alignment" value="top" />
			<value name="position" value="0px 0px" />
			<value name="size" value="750px 650px" />
		</template>
		<template name="gcAnimalFeederBunkerOverview" anchor="middleCenter" extends="gcBase">
			<value name="margin" value="20px 20px 20px 20px" />
			<value name="size" value="500px 230px" />
			<value name="imageColor" value="glass1" />
		</template>
		<template name="gcAnimalFeederBunkerOverviewText1" anchor="leftTop" extends="gcBase_text">
			<value name="textSize" value="22px" />
			<value name="textAlignment" value="left" />
			<value name="margin" value="10px 20px 0px 0px" />
			<value name="textColor_selected" value="white" />
			<value name="textBold" value="true" />
		</template>
		<template name="gcAnimalFeederBunkerOverviewText2" anchor="leftTop" extends="gcBase_text">
			<value name="textSize" value="17px" />
			<value name="textAlignment" value="left" />
			<value name="textColor_selected" value="white" />
			<value name="textColor_disabled" value="gray1" />
		</template>
		<template name="gcAnimalFeederBunkerOverviewText3" anchor="leftTop" extends="gcBase_text">
			<value name="textSize" value="18px" />
			<value name="textAlignment" value="left" />
			<value name="margin" value="10px 20px 0px 0px" />
			<value name="textColor" value="red" />
			<value name="textBold" value="true" />
		</template>
		<template name="gcAnimalFeederStatisticOverview" anchor="middleCenter" extends="gcBase">
			<value name="margin" value="20px 20px 20px 20px" />
			<value name="size" value="500px 260px" />
			<value name="imageColor" value="glass1" />
		</template>
		<template name="gcAnimalFeederFeedingTimeOverview" anchor="middleCenter" extends="gcBase">
			<value name="margin" value="20px 20px 20px 20px" />
			<value name="size" value="500px 400px" />
			<value name="imageColor" value="glass1" />
		</template>
		<template name="gcAnimalFeederFeedingTimeOverviewBtnTick" anchor="leftTop" extends="gcBase">
			<value name="size" value="30px 30px" />
			<value name="position" value="0px 0px" />
			<value name="hasOverlay" value="true" />				
			<value name="isActivable" value="true" />				
		</template>
		<template name="gcAnimalFeederFeedingTimeOverviewBtnTick_overlay" anchor="leftTop" extends="gcAnimalFeederFeedingTimeOverviewBtnTick">
			<value name="imageColor" value="white" />		
			<value name="imageColor_selected" value="blue" />		
			<value name="imageUVs" value="icon_tick" />		
			<value name="imageUVs_selected" value="icon_tick" />		
		</template>
		<template name="gcAnimalFeederFeedingTimeOverviewBtn" anchor="leftTop" extends="gcBase">
			<value name="size" value="30px 30px" />
			<value name="position" value="0px 0px" />
			<value name="hasText" value="true" />					
		</template>
		<template name="gcAnimalFeederFeedingTimeOverviewBtn_text" anchor="leftTop" extends="gcAnimalFeederFeedingTimeOverviewBtn">
			<value name="textColor" value="white" />		
			<value name="textColor_selected" value="blue" />			
		</template>
		<template name="gcAnimalFeederMixingRatioOverview" anchor="middleCenter" extends="gcBase">
			<value name="margin" value="20px 20px 20px 20px" />
			<value name="size" value="500px 300px" />
			<value name="imageColor" value="glass1" />
		</template>		

		<!--###################################################################################################################################-->
		<!--##############################################   -AnimalFeederWarning-   ##########################################################-->
		<!--###################################################################################################################################-->
		<template name="gcAnimalFeederWarning" anchor="middleCenter" extends="gcBase">
			<value name="size" value="1920px 1080px" />
			<value name="imageColor" value="transparent" />
		</template>
		<template name="gcAnimalFeederWarningBackground" anchor="topright" extends="gcBase gcBorder">
			<value name="size" value="300px 180px" />
			<value name="position" value="-20px -150px" />
			<value name="hasBorders" value="true" />
			<value name="borderBottomSize" value="6px" />
			<value name="borderBottomColor" value="gcBlue" />
			<Value name="imageUVs" value="colorBg"/>
			<value name="imageColor" value="0.018 0.016 0.015 0.97" />
		</template>
		<template name="gcAnimalFeederWarningTextHeader" anchor="lefttop" extends="gcBase_text">
			<value name="textSize" value="14px" />
			<value name="textBold" value="true" />
			<value name="textAlignment" value="center" />
			<value name="margin" value="10px 10px 0px 0px" />
		</template>
		<template name="gcAnimalFeederWarningText" anchor="lefttop" extends="gcBase_text">
			<value name="textSize" value="12px" />
			<value name="textAlignment" value="left" />
			<value name="margin" value="10px 10px 0px 0px" />
		</template>

		<!--###################################################################################################################################-->
		<!--#############################################   -FarmStart-   ################################################################-->
		<!--###################################################################################################################################-->
		<template name="gcFarmStart" anchor="middleCenter" extends="gcBase">
			<value name="size" value="1400px 679px" />
			<value name="position" value="0px 2px" />
		</template>
		<template name="gcFarmStartBackground" anchor="middleCenter" extends="gcBase gcBorder">
			<value name="size" value="1400px 679px" />
			<value name="position" value="0px 0px" />
			<Value name="imageUVs" value="colorBg"/>
			<value name="imageColor" value="0.05 0.05 0.05 1" />
		</template>
		<template name="gcFarmStartMap" anchor="middleCenter" extends="gcBase">
			<value name="orientation" value="x" />
			<value name="maxItemsX" value="4" />
			<value name="maxItemsY" value="1" />
			<value name="position" value="0px -25px" />
			<value name="size" value="1300px 600px" />
		</template>
		<template name="gcFarmStartMapBackgroud" anchor="middleCenter" extends="gcBase">
			<value name="size" value="325px 600px" />
			<value name="position" value="0px 0px" />			
			<value name="margin" value="5px 0px 5px 0px" />
			<value name="hasOverlay" value="true" />
		</template>
		<template name="gcFarmStartMapBackgroud_overlay" anchor="middleCenter" extends="gcFarmStartMapBackgroud gcBorder">	
			<Value name="imageUVs" value="colorBg"/>
			<value name="imageColor" value="0.018 0.016 0.015 0.8" />
			<value name="imageColor_selected" value="gcBlue" />
			<value name="margin" value="0px 0px 0px 0px" />
		</template>
		<template name="gcFarmStartMapBackgroudBackground" anchor="middleTop" extends="gcFarmStartMapBackgroud">	
			<value name="size" value="325px 400px" />
			<value name="margin" value="0px 0px 0px 0px" />	
			<Value name="imageUVs" value="0px 0px 1024px 832px"/>	
			<Value name="imageUVs_selected" value="0px 0px 1024px 832px"/>		
		</template>
		<template name="gcFarmStartMapBackgroudBackground2" anchor="leftBottom" extends="gcBase">
			<value name="size" value="325px 200px" />
			<value name="position" value="0px 0px" />
			<value name="imageColor" value="0.04 0.04 0.04 1" />
			<value name="imageColor_selected" value="orange" />
		</template>
		<template name="gcFarmStartMapBackgroudHeader" anchor="leftBottom" extends="gcBase_text">
			<value name="textSize" value="25px" />
			<value name="position" value="140px 170px" />
			<value name="textMaxWidth" value="325px" />
			<value name="textWrapWidth" value="325px" />
			<value name="textAlignment" value="center" />
			<value name="margin" value="0px 0px 0px 0px" />
			<value name="textColor_selected" value="0.02 0.02 0.02 1" />
		</template>
		<template name="gcFarmStartMapBackgroudDescription" anchor="leftBottom" extends="gcBase_text">
			<value name="textSize" value="20px" />
			<value name="position" value="10px 130px" />
			<value name="textWrapWidth" value="300px" />
			<value name="textMaxNumLines" value="5" />
			<value name="textAlignment" value="left" />
			<value name="textLineHeightScale" value="1.4" />
			<value name="textColor_selected" value="0.02 0.02 0.02 1" />
		</template>
		<template name="gcFarmStartButtonsLayout" anchor="middleBottom" extends="gcBase">
			<value name="orientation" value="x" />
			<value name="alignment" value="left" />
			<value name="position" value="0px -70px" />
			<value name="size" value="1400px 50px" />
		</template>
	</templates>
</guiTemplates>