<?xml version="1.0" encoding="utf-8" standalone="no"?>
<modDesc descVersion="51">
    <author>ITS</author>
    <version>1.4.1.5</version>
    <title>
        <en>SYN TRAC</en>
    </title>
    <description>
        <en>
<![CDATA[THE SYN TRAC
A new vehicle category. Flexible applications.

- Fully automatic docking process
- Fully automatic coupling of one or more additional driven axle(s)
- Fully automatic coupling of an additional engine (summation of PTO power)
- Increased safety through optimal visibility conditions
- Low centre of gravity due to the special engine-transmission arrangement
- Hydropneumatic chassis with independent suspension
- Speed options 60 kph or 80 kph
- Steering options: front-wheel, all-wheel, and crab steering
- Comfort cabin with different seat variants
- FS optimized visualization platform

This package contains:

- SYN TRAC Pre-production model
+ Configuration: axle-modul with 3-point and trailer attachements
+ Price: 320.000 €
+ Power: 420 PS
- Standardadapter
- Steering-Adapter Typ-A
- Elephant-Frontloader
- Support-Adapter
- Fertilizer S (Prototyp)
- Pneu-Tank-2000L

- Multiweight 800-3000

Changelog 1.4.1: - Mowing next level

add: Steering-Adapter
ATTENTION: Sell older Syn Tracs and buy it new



Changelog 1.3.0.3: - Seed-Support

add: Pneu-Tank-2000L --> available in 3 different configuration
add: Syn Trac "Cargo Transfer" --> can transfer seed, fertilizer and liquids
add: Standard Adapter "Cargo Transfer" --> support all seeders with front tank capabililty
add: Display for "Support Adapter" --> controls can toggle on/off

change: Syn Trac (80km/h) backward drivespeed now 25 km/h

some other optimizing and fixing
]]>
        </en>
        <de>
<![CDATA[Der SYN TRAC
Eine neue Fahrzeugkategorie. Flexible Einsatzgebiete.

- Vollautomatischer Dockingvorgang
- Vollautomatische Kupplung einer/mehrerer angetriebenen Zusatzachse(n)
- Vollautomatische Kupplung eines Zusatzmotors (Summierung der PTO-Leistung)
- Erhöhte Sicherheit durch gute Einsicht
- Tiefer Schwerpunkt aufgrund der speziellen Motor-Getriebe-Anordnung
- Hydropneumatisches Fahrwerk mit Einzelradaufhängung
- Geschwindigkeitsvarianten 60 km/h oder 80 km/h
- Lenkungsvarianten: Front-, Allrad-, und Hundeganglenkung
- Komfortkabine mit unterschiedlichen Sitzvarianten
- LS optimierte Visualisierungsplattform

Das Paket enthält:

- SynTrac Vorserienmodell
+ Konfiguration: Zusatzachsmodul mit 3-Punkt und Anhängerkupplungen.
+ Preis: 320.000 €
+ Leistung: 420 PS
- Standardadapter
- Lenkadapter Typ-A
- Elephant-Frontlader
- Support-Adapter
- Düngerstreuer S (Prototyp)
- Pneu-Tank-2000L

- Multigewicht 800-3000


Changelog 1.4.1: - Mähen Next Level

Neu: Lenkadapter
ACHTUNG: Damit der Lenkadapter ordnungsgemäß funktioniert müssen ältere Syn Tracs verkauft und neu gekauft werden


Changelog 1.3.0.3: - Saat-Unterstützung

Neu: Pneu-Tank-2000L
Neu: Syn Trac "Fracht Transfer" --> kann Saatgut, Dünger und Flüssigkeiten transferieren
Neu: Standard-Adapter "Fracht Transfer" --> Kompatibel mit allen Sämaschinen mit Fronttanknutzung
Neu: Display für Support-Adapter --> Steuerung kann nun an-/abgeschaltet werden

Änderung: Syn Trac (80km/h Version) fährt nun 25 km/h im Rückwärtsgang

weitere kleinere Optimierungen und Fixes
]]>
		</de>
    </description>
    <iconFilename>modpic_LOGO.dds</iconFilename>
    <multiplayer supported="true"/>
	
    <storeItems>
		
		<storeItem xmlFilename="vehicles/SynTrac_V2.xml"/>
		<storeItem xmlFilename="vehicles/AD_Standard.xml"/>
		<storeItem xmlFilename="vehicles/AD_Support.xml"/>
		<storeItem xmlFilename="vehicles/AD_Steer.xml"/>
		<storeItem xmlFilename="vehicles/Multiweight.xml"/>
		<storeItem xmlFilename="vehicles/ElephantLoader.xml"/>
		
		<storeItem xmlFilename="vehicles/Fertilizer_S.xml"/>
		<storeItem xmlFilename="vehicles/Pneutank2000L_arcade.xml"/>
		<storeItem xmlFilename="vehicles/Pneutank2000L_pro.xml"/>
		<storeItem xmlFilename="vehicles/Pneutank2000Lcran_pro.xml"/>
		
    </storeItems>
	
	<vehicleTypes>
		<type name="SYNTRAC" parent="baseDrivable" filename="$dataS/scripts/vehicles/Vehicle.lua">
			<specialization name="crabSteering" />
			<specialization name="reverseDriving" />
			<specialization name="foldable" />
			<specialization name="cover" />
			<specialization name="ridgeMarker" />
			<specialization name="groundReference" />
			<specialization name="workArea" />
			<specialization name="workParticles" />
		</type>
		<type name="ADs" parent="baseAttachable" filename="$dataS/scripts/vehicles/Vehicle.lua">
			<specialization name="tensionBelts" />
			<specialization name="fillUnit" />
		</type>
		<type name="AD_Steer" parent="baseTipper" filename="$dataS/scripts/vehicles/Vehicle.lua">
			<specialization name="workParticles" />
			<specialization name="pickup" />
			<specialization name="pipe" />
		</type>
		<type name="Elephant" parent="base" filename="$dataS/scripts/vehicles/Vehicle.lua">
			<specialization name="wheels" />
			<specialization name="crawlers" />
			<specialization name="slopeCompensation" />
			<specialization name="speedRotatingParts" />
			<specialization name="attachable" />
			<specialization name="lights" />
			<specialization name="powerTakeOffs" />
			<specialization name="powerConsumer" />
			<specialization name="suspensions" />
			<specialization name="aiImplement" />
			<specialization name="connectionHoses" />
			<specialization name="attacherJoints" />
			<specialization name="foldable" />
			<specialization name="cylinderedFoldable" />
		</type>
		<type name="PneuTank" parent="baseAttachable" filename="$dataS/scripts/vehicles/Vehicle.lua">
			<specialization name="fillUnit" />
			<specialization name="fillVolume" />
			<specialization name="cover" />
			<specialization name="tensionBelts" />
			<specialization name="jigglingParts" />
			<specialization name="randomlyMovingParts" />
			<specialization name="groundReference" />
			<specialization name="workArea" />
			<specialization name="workParticles" />
			<specialization name="cultivator" />
			<specialization name="ridgeMarker" />
			<specialization name="pickup" />
		</type>
	</vehicleTypes>

    <brands>
		<brand name="SYNTRAC" title="SYN TRAC" image="brand_SynTRAC.dds"/>
    </brands>
	
	<l10n>
		<text name="Default"><en>Default</en><de>Standard</de></text>
		<text name="None"><en>None</en><de>Nichts</de></text>
		<text name="LoaderAttacher"><en>Wheel-/Tele-Loader Attacher</en><de>Rad-/Tele-Lader-Aufnahme</de></text>
		<text name="Cover"><en>Cover</en><de>Verkleidung</de></text>
		<text name="Panel"><en>Panel</en><de>Steuerung</de></text>
		<text name="PanelFender"><en>Panel + Fender</en><de>Steuerung + Kotflügel</de></text>
		<text name="WheelFender"><en>Wheel fender</en><de>Rad-Kotflügel</de></text>
		<text name="slope"><en>Slope Compensation</en><de>Hangausgleich</de></text> 
		<text name="CargoSupport"><en>Cargo Transfer</en><de>Fracht Transfer</de></text>
		<text name="AT_WheelLoader"><en>Wheelloader attacher</en><de>Radlader Aufnahme</de></text>
		<text name="AT_TeleLoader"><en>Teleloader attacher</en><de>Telelader-Aufnahme</de></text>
		<text name="3A_3P_A"><en>Standardadapter A</en><de>Standardadapter A</de></text>
		<text name="3A_3P_B"><en>Standardadapter B</en><de>Standardadapter B</de></text>
		<text name="3A_3P_C"><en>Standardadapter C</en><de>Standardadapter C</de></text>
		<text name="Syn_Kom"><en>Communal 2x2</en><de>Kommunal 2x2</de></text>
		<text name="Syn_Kom_Snow"><en>Snow chains 2x2</en><de>Schneeketten 2x2</de></text>
		<text name="Syn3AP_Kom"><en>Communal 2x3</en><de>Kommunal 2x3</de></text>
		<text name="Syn3AP_Kom_Snow"><en>Snow chains 2x3</en><de>Schneeketten 2x3</de></text>
		<text name="Syn_TR"><en>Narrow 2x2</en><de>Pflegereifen 2x2</de></text>
		<text name="Syn3AP_TR"><en>Narrow 2x3</en><de>Pflegereifen 2x3</de></text>
		<text name="Syn_Broad"><en>Broadwheel 2x2</en><de>Breitreifen 2x2</de></text>
		<text name="Syn3AP_Broad"><en>Broadwheel 2x3</en><de>Breitreifen 2x3</de></text>

		<text name="Runner"><en>Runner</en><de>Kufen</de></text>
		<text name="Wheels"><en>Wheels</en><de>Räder</de></text>
		<text name="tipSideTower"><en>Tower</en><de>Turm</de></text>
		<text name="tipSideLeft"><en>Ejection left</en><de>Auswurf links</de></text>
		<text name="tipSideRight"><en>Ejection right</en><de>Auswurf rechts</de></text>
	</l10n>
	
</modDesc>