<?xml version="1.0" encoding="utf-8" standalone="no" ?>
<placeable>
    <storeData>
        <name>$l10n_shopItem_herbicideRefillTank</name>
        <image>store_herbicideRefillTank.png</image>
        <price>8500</price>
        <dailyUpkeep>0</dailyUpkeep>
        <specs>
            <fillTypes>herbicide</fillTypes>
        </specs>
        <functions>
            <function>$l10n_function_herbicideRefillTank</function>
        </functions>
        <lifetime>1000</lifetime>
        <rotation>0</rotation>
        <brand>LIZARD</brand>
        <species>placeable</species>
        <category>placeableMisc</category>
        <vertexBufferMemoryUsage>61200</vertexBufferMemoryUsage>
        <indexBufferMemoryUsage>10992</indexBufferMemoryUsage>
        <textureMemoryUsage>9087800</textureMemoryUsage>
        <instanceVertexBufferMemoryUsage>0</instanceVertexBufferMemoryUsage>
        <instanceIndexBufferMemoryUsage>0</instanceIndexBufferMemoryUsage>
    </storeData>

    <placeableType>buyingStation</placeableType>
    <filename>herbicideRefillTank.i3d</filename>
    <placement testSizeX="4" testSizeZ="4" sizeX="2" sizeZ="2" useRandomYRotation="false" useManualYRotation="true" />
    <tipOcclusionUpdateArea sizeX="5" sizeZ="5" />

    <buyingStation stationName="$l10n_shopItem_herbicideRefillTank" appearsOnPDA="false" storageRadius="0" fillSoundIdentifier="fillSound01">
        <loadTrigger triggerNode="3" fillLitersPerSecond="500" autoStart="true"/>
        <fillType name="herbicide" priceScale="1.1" />
    </buyingStation>

    <clearAreas>
        <clearArea startIndex="1|0" widthIndex="1|1" heightIndex="1|2"/>
    </clearAreas>

    <leveling requireLeveling="true" maxSmoothDistance="10" maxSlope="75" maxEdgeAngle="30">
        <levelAreas>
            <levelArea startIndex="1|0" widthIndex="1|1" heightIndex="1|2" groundType="dirt"/>
        </levelAreas>
    </leveling>
</placeable>
