<?xml version="1.0" encoding="utf-8" standalone="no" ?>
<modDesc descVersion="42">
    <author>GIANTS Software</author>
    <version>1.0.0.0</version>

    <title>
        <en>Placeable Refill Tanks</en>
        <de>Platzierbare Nachfülltanks</de>
        <fr>Réservoirs à placer</fr>
    </title>

    <description>
        <en>
            <![CDATA[Seed, solid fertilizer, liquid fertilizer and herbicide tanks which are placeable on the map.]]>
        </en>
        <de>
            <![CDATA[Saatgut-, Mineraldünger-, Flüssigdünger- und Pflanzenschutzmitteltanks die auf der Karte platziert werden können.]]>
        </de>
        <fr>
            <![CDATA[Réservoirs à graines, herbicide, engrais solide et engrais liquide que l'on peut placer sur la carte]]>
        </fr>
    </description>
    <iconFilename>icon_refillTanks.png</iconFilename>
    <multiplayer supported="true"/>

    <storeItems>
        <storeItem xmlFilename="seedRefillTank.xml"/>
        <storeItem xmlFilename="fertilizerRefillTank.xml"/>
        <storeItem xmlFilename="liquidFertilizerRefillTank.xml"/>
        <storeItem xmlFilename="herbicideRefillTank.xml"/>
    </storeItems>

    <l10n>
        <text name="shopItem_seedRefillTank">
            <en>Seed Tank</en>
            <de>Saatguttank</de>
            <fr>Réservoir de semences</fr>
        </text>
        <text name="shopItem_fertilizerRefillTank">
            <en>Solid Fertilizer Tank</en>
            <de>Mineraldüngertank</de>
            <fr>Réservoir d&apos;engrais solide</fr>
        </text>
        <text name="shopItem_liquidFertilizerRefillTank">
            <en>Liquid Fertilizer Tank</en>
            <de>Flüssigdüngertank</de>
            <fr>Réservoir d&apos;engrais liquide</fr>
        </text>
        <text name="shopItem_herbicideRefillTank">
            <en>Herbicide Tank</en>
            <de>Pflanzenschutzmitteltank</de>
            <fr>Réservoir de herbicide</fr>
        </text>
        <text name="function_seedRefillTank">
            <en>You can refill your sowing machines at this tank. Note: Refilling will cost you a higher price for seed than buying it in BigBags at the Shop.</en>
            <de>Hier kannst du deine Sämaschinen befüllen. Wichtig: Das befüllen an diesem Tank ist teurer, als das Saatgut in einem BigBag zu kaufen.</de>
            <fr>Vous pouvez remplir votre machine à ensemencer à ce réservoir. Note: Remplir depuis ce réservoir coûte plus cher que d'acheter un grand sac de semences.</fr>
        </text>
        <text name="function_fertilizerRefillTank">
            <en>You can refill your fertilizer spreaders at this tank. Note: Refilling will cost you a higher price for solid fertilizer than buying it in BigBags at the Shop.</en>
            <de>Hier kannst du deine Düngerstreuer befüllen. Wichtig: Das befüllen an diesem Tank ist teurer, als den Minerldünger in einem BigBag zu kaufen.</de>
            <fr>Vous pouvez remplir votre épandeur à engrais à ce réservoir. Note: Remplir depuis ce réservoir coûte plus cher que d'acheter un grand sac d'engrais solide.</fr>
        </text>
        <text name="function_liquidFertilizerRefillTank">
            <en>You can refill your sprayers at this tank. Note: Refilling will cost you a higher price for liquid fertilizer than buying it on a pallet at the Shop.</en>
            <de>Hier kannst du deine Spritzen befüllen. Wichtig: Das befüllen an diesem Tank ist teurer, als den Flüssigdünger auf einer Palette zu kaufen.</de>
            <fr>Vous pouvez remplir votre pulvérisateur à ce réservoir. Note: Remplir depuis ce réservoir coûte plus cher que d'acheter une palette d’engrais liquide.</fr>
        </text>
        <text name="function_herbicideRefillTank">
            <en>You can refill your sprayers at this tank. Note: Refilling will cost you a higher price for herbicide than buying it on a pallet at the Shop.</en>
            <de>Hier kannst du deine Spritzen befüllen. Wichtig: Das befüllen an diesem Tank ist teurer, als das Pflanzenschutzmittel auf einer Palette zu kaufen.</de>
            <fr>Vous pouvez remplir votre pulvérisateur à ce réservoir. Note: Remplir depuis ce réservoir coûte plus cher que d'acheter une palette herbicide.</fr>
        </text>
    </l10n>
</modDesc>
