<?xml version="1.0" encoding="utf-8" standalone="no" ?>
<modDesc descVersion="46">
   <author>GtX</author>

   <mpTesting>Johnny Vee</mpTesting>

   <translations>Ralf, Vanquish081, MrHector</translations>

   <version>1.0.1.0</version>

    <title>
        <en>Universal Passenger</en>
    </title>

    <description>
        <en>
            <![CDATA[Universal Passenger is a unique passenger mod that allows you to travel next to your AI workers at all times or with your friends in a multiplayer game.

Features:
1. All base game vehicles that include one or more passenger seats can be entered.
   Important: Some vehicles are to small and these are excluded.
2. Ability to travel as a passenger with trains loaded from base game if included in map.
3. Ability to move between available passenger seats and an empty driver seat.
   Important: Driver seat option for farm owned vehicles only.
4. Quick TAB to available passenger vehicles and trains.
   Important: Vehicle must be part of your farm to use this feature.
5. Inside and Outside camera views and sounds.
6. Live PDA and Map position data for all passengers.
7. Shop option for each vehicle to restrict passenger seat use to [All Users], [Farm Only] or [Disabled].

Modding Features / Support:
1. Support to add passenger seat positions directly in mod vehicles.
2. Character loaded by 'Universal Passenger' so no extra poly for static models.
3. Built in creator mode to help position vehicle character and export XML information. ( More info soon! )
4. Support for 'Pasenger Addon Mods' to include an extra global vehicles XML so no vehicle xml editing is required.
5. Support for enter animations and object changes.

Standard Input Keys:
Enter / Exit = [Left Shift] + [Z]
Next Vehicle = [Left CTRL] + [Tab]
Next Seat (When available.) = [N]

Release Log:

Version: 1.0.0.0
1. Initial release.

Version: 1.0.1.0
1. Fixed bug allowing a user to move to driver seat of a vehicle when already in use in multiplayer.
2. Added support for 3 passengers in the John Deere cp690 (Cotton DLC)
3. Added support for 3 passengers in the Horsch Leeb PT 350 (Horsch Pack)
4. Added support to 'Claas DLC' vehicles where space was available.
5. Added support to 'Claas DLC (Pre-Purchase)' vehicles.
]]>
        </en>
        <de>
            <![CDATA[Universal Passenger ist ein einzigartiger Passagier-Mod, mit dem du jederzeit neben deinen KI-Mitarbeitern oder mit deinen Freunden in einem Multiplayer-Spiel reisen kannst.

Features:
1. Alle Basisspielfahrzeuge, die einen oder mehrere Passagiersitze enthalten, können betreten werden.
   Wichtig: Einige Fahrzeuge sind zu klein und diese sind ausgeschlossen.
2. Fähigkeit, als Passagier mit Zügen zu reisen, die aus dem Grundspiel geladen wurden, sofern dieser in der Karte enthalten ist.
3. Möglichkeit, zwischen verfügbaren Beifahrersitzen und einem leeren Fahrersitz zu wechseln.
   Wichtig: Fahrersitzoption nur für landwirtschaftliche Fahrzeuge.
4. Schnell-TAB zu verfügbaren Personenkraftwagen und Zügen.
   Wichtig: Das Fahrzeug muss Teil deiner Farm sein, um diese Funktion nutzen zu können.
5. Innen- und Außenkameraansichten und -töne.
6. Live-PDA- und Kartenpositionsdaten für alle Passagiere.
7. Shop-Option für jedes Fahrzeug, um die Verwendung des Beifahrersitzes auf [Alle Benutzer], [Nur Farm] oder [Deaktiviert] zu beschränken.

Modding Features / Unterstützung:
1. Unterstützung, um Beifahrersitzpositionen direkt in mod Fahrzeugen hinzuzufügen.
2. Von 'Universal Passenger' geladenes Zeichen, daher keine zusätzliche Poly für statische Modelle.
3. Im Erstellermodus erstellt, um den Fahrzeugcharakter zu positionieren und XML-Informationen zu exportieren. (Mehr Infos in Kürze!)
4. Unterstützung für 'Pasenger Addon Mods', um eine zusätzliche globale Fahrzeug-XML aufzunehmen, sodass keine Bearbeitung der Fahrzeug-XML erforderlich ist.
5. Unterstützung für die Eingabe von Animationen und Objektänderungen.

Standardeingabetasten:
betreten / verlassen = [Linke Umschalttaste] + [Z]
Nächstes Fahrzeug = [Linke STRG] + [Tab]
Nächster Sitzplatz (falls verfügbar) = [N]

Release Log:

Version: 1.0.0.0
1. Erstveröffentlichung.

Version: 1.0.1.0
1. Fehler behoben, durch den ein Benutzer zum Fahrersitz eines Fahrzeugs wechseln konnte, wenn er bereits im Mehrspielermodus verwendet wurde.
2. Unterstützung für 3 Passagiere im John Deere cp690 (Cotton DLC) hinzugefügt
3. Unterstützung für 3 Passagiere im Horsch Leeb PT 350 (Horsch Pack) hinzugefügt
4. Unterstützung für "Claas DLC" -Fahrzeuge hinzugefügt, bei denen Platz verfügbar war.
5. Unterstützung für 'Claas DLC (Pre-Purchase)' Fahrzeuge hinzugefügt.
]]>
        </de>
        <fr>
            <![CDATA[Universal Passenger permet de voyager avec vos travailleurs (AI) ou avec vos amis dans MP.

Caractéristiques:
1. Tous les véhicules de jeu de base comprennent un ou plusieurs sièges passagers.
   Important: Certains véhicules sont plus petits et ont été exclus.
2. Possibilité de voyager en tant que passager dans des trains chargés à partir du jeu de base s'ils sont inclus dans la carte.
3. Possibilité de se déplacer entre les sièges disponibles du même véhicule ou d'autres véhicules inoccupés dans un autre véhicule du garage.
   Important: le siège du conducteur est uniquement disponible pour les propriétaires de ferme.
4. Changements rapides (TAB) entre véhicules et trains disponibles.
   Important: les véhicules doivent appartenir à votre ferme pour utiliser cette fonctionnalité.
5. Caméra et sons intérieurs et extérieurs.
6. PDA en direct et position sur la carte pour tous les passagers.
7. Option permettant de limiter les sièges passagers dans le magasin pour chaque véhicule [Tous les utilisateurs], [Membres de la ferme uniquement] ou [Désactiver].

Caractéristiques pour Mods / Support:
1. Soutien pour ajouter des sièges passagers directement dans le véhicule mod.
2. 'Universal Passenger' charge le personnage, il n'y a donc aucun polygone supplémentaire à ajouter dans GE.
3. Construit en mode créatif pour aider à positionner le personnage du véhicule et à exporter les informations au format XML. (Plus d'infos bientôt!)
4. Possibilité d'inclure un fichier XML global de véhicules supplémentaires afin que l'édition XML du mod ne soit pas nécessaire.
5. Support pour introduire des animations et des changements d'objet.

Touches par défaut:
Entrée / Sortie = [Maj à gauche] + [Z]
Véhicule suivant = [CTRL Gauche] + [Tab]
Siège suivant (si disponible) = [N]

Journal de sortie:

Version: 1.0.0.0
1. Première version.

Version: 1.0.1.0
1. Correction d'un bug permettant à un utilisateur de passer au siège conducteur d'un véhicule déjà utilisé en multijoueur.
2. Ajout du support pour 3 passagers dans le John Deere cp690 (Cotton DLC)
3. Ajout du support pour 3 passagers dans le Horsch Leeb PT 350 (Horsch Pack)
4. Ajout du support pour les véhicules 'Claas DLC' où de la place était disponible.
5. Ajout du support pour les véhicules 'Claas DLC (Pre-Purchase)'.
]]>
        </fr>
        <es>
            <![CDATA[Universal Passenger habilita la posibilidad de viajar junto a tus trabajadores (IA) o con tus amigos en MP.

Características:
1. Todos los vehículos del juego base incluyen 1 o más asientos para pasajeros.
   Importante: Algunos vehículos son más pequeños y se han excluido.
2. Posibilidad de viajar como un pasajero en trenes cargados desde el juego base si son incluidos en el mapa.
3. Posibilidad de moverse entre los asientos disponibles de un mismo vehículo u otros desocupados en algún otro vehículo del garaje.
   Importante: El asiento de conductor solo esta disponible para propietaros de la granja.
4. Rápidos cambios (TAB) entre vehículos y trenes disponibles.
   Importante: Los vehículso deben pertenecer a tu granja para usar esta característica.
5. Cámara y sonidos interior y exterior.
6. PDA en vivo y posición en el mapa para todos los pasajeros.
7. Opción de restricción de asientos de pasajeros en la tienda para cada vehículo [Todos los Usuarios], [Solo Miembros de la Granja] o [Desactivar].

Características Para Mods / Soporte:
1. Soporte para añadir asientos de pasajeros directamente en mod de vehículos.
2. 'Universal Passenger' carga el personaje, por lo que no hay polígonos extras que añadir en GE.
3. Construido en modo creador para ayudar a posicionar el personaje del vehículo y exportar información al XML. (¡Más info pronto!)
4. Soporte para incluir un XML global de vehículos adicionales para que no se requiera la edición del xml del mod.
5. Soporte para introducir animaciones y cambios de objetos.

Teclas por Defecto:
Entrar / Salir = [Shift Izq.] + [Z]
Siguiente Vehículo = [CTRL Izq.] + [Tab]
Siguiente Asiento (Cuando esta disponible) = [N]
]]>
        </es>
    </description>

    <multiplayer supported="true"/>
    <iconFilename>icon.dds</iconFilename>

    <extraSourceFiles>
        <sourceFile filename="scripts/UniversalPassenger.lua" />
    </extraSourceFiles>

    <l10n>
        <text name="universalPassenger_loadError">
            <en>
                <![CDATA[Mod  %s  by  %s  could not be loaded or is not supported!
To avoid errors this mod should be removed!

Visit the Giants modHub download link below for the latest official release.]]>
            </en>
            <de>
                <![CDATA[Mod  %s  von  %s  konnte nicht geladen werden oder wird nicht unterstützt!
Um Fehler zu vermeiden, sollte dieser Mod entfernt werden!

Besuchen Sie den Giants modHub-Downloadlink unten, um die neueste offizielle Version zu erhalten.]]>
            </de>
            <es>
                <![CDATA[¡El mod  %s  por  %s  podría no ser cargado o no estar soportado!
¡Este mod debe ser eliminado para evitar errores!

Visite la web modHub de Giants para la última versión.]]>
            </es>
            <cz>
                <![CDATA[Mód  %s  od  %s  nelze načíst nebo není podporován!
Aby se zabránilo chybám, tento mod by měl být odstraněn!

Navštivte odkaz níže, ke stažení nejnovějšího oficiálního vydání z Giants modHub.]]>
            </cz>
        </text>

        <text name="input_NEXT_PASSENGER_VEHICLE">
            <en>Next Passenger Vehicle</en>
            <de>Nächstes Passagierfahrzeug</de>
            <es>Pasajero en Siguiente Vehículo</es>
            <cz>Pasažér - Další Vozidlo</cz>
        </text>

        <text name="input_ENTER_PASSENGER_SEAT">
            <en>Enter/Exit Passenger Seat</en>
            <de>Beifahrersitz betreten / verlassen</de>
            <es>Entrar/Salir Asiento Pasajero</es>
            <cz>Pasažér - Nastoupit / Vystoupit</cz>
        </text>

        <text name="input_NEXT_PASSENGER_SEAT">
            <en>Next Passenger Seat</en>
            <de>Nächster Beifahrersitz</de>
            <es>Siguiente Asiento Pasajero</es>
            <cz>Pasažér - Další Sedadlo</cz>
        </text>

        <text name="action_enterDriverSeat">
            <en>Enter driver seat</en>
            <de>Fahrersitz benutzen</de>
            <es>Entrar Asiento Conductor</es>
            <cz>Přesednout na sedadlo řidiče</cz>
        </text>

        <text name="action_enterPassengerSeat">
            <en>Enter passenger seat</en>
            <de>Beifahrersitz bebenutzen</de>
            <es>Entrar Asiento Pasajero</es>
            <cz>Použít sedadlo pasažéra</cz>
        </text>

        <text name="action_exitPassengerSeat">
            <en>Exit passenger seat</en>
            <de>Beifahrersitz verlassen</de>
            <es>Salir Asiento Pasajero</es>
            <cz>Opustit sedadlo pasažéra</cz>
        </text>

        <text name="action_nextPassengerSeat">
            <en>Next passenger seat</en>
            <de>Nächster Beifahrersitz</de>
            <es>Siguiente Asiento Pasajero</es>
            <cz>Další sedadlo pasažéra</cz>
        </text>

        <text name="config_allFarms">
            <en>All Users</en>
            <de>Alle Spieler</de>
            <es>Todos los Usuarios</es>
            <cz>Všichni</cz>
        </text>

        <text name="config_farmOnly">
            <en>Farm Only</en>
            <de>Nur vom Bauernhof</de>
            <es>Solo Miembros de la Granja</es>
            <cz>Pouze členové farmy</cz>
        </text>

        <text name="config_disabled">
            <en>Disabled</en>
            <de>Deaktiviert</de>
            <es>Desactivar en este Vehículo</es>
            <cz>Deaktivováno</cz>
        </text>
    </l10n>

    <inputBinding>
        <actionBinding action="ENTER_PASSENGER_SEAT">
            <binding device="KB_MOUSE_DEFAULT" input="KEY_lshift KEY_z" />
        </actionBinding>
        <actionBinding action="NEXT_PASSENGER_SEAT">
            <binding device="KB_MOUSE_DEFAULT" input="KEY_n" />
        </actionBinding>
        <actionBinding action="NEXT_PASSENGER_VEHICLE">
            <binding device="KB_MOUSE_DEFAULT" input="KEY_lctrl KEY_tab" />
        </actionBinding>
    </inputBinding>

    <actions>
        <action name="ENTER_PASSENGER_SEAT" />
        <action name="NEXT_PASSENGER_SEAT" />
        <action name="NEXT_PASSENGER_VEHICLE" />
    </actions>
</modDesc>
