<?xml version="1.0" encoding="utf-8" standalone="no" ?>
<light>
    <filename>parts/Syntrac_Frontlight.i3d</filename>
    <rootNode node="0" />
    <defaultLight node="0|0" lightTypes="0" excludedLightTypes="3"/>
    <defaultLight node="0|1" lightTypes="0" excludedLightTypes="3"/>
	<defaultLight node="0|2" lightTypes="3" excludedLightTypes="0"/>
    <defaultLight node="0|3" lightTypes="3" excludedLightTypes="0"/>
    <turnLightLeft node="0|4" />
	<turnLightLeft node="0|5" />
</light>
