<?xml version="1.0" encoding="UTF-8" standalone="yes" ?>
<l10n>
	<elements>
		<e k="WatermelonGreenhouse_WatermelonGreenhouse_FactoryName" v="Watermelon Greenhouse"/>
		<e k="WatermelonGreenhouse_WatermelonGreenhouse_FactoryDescription" v="Add manure and water to start production. Adding fertilizer, herbicide and lime will each increase production"/>
		<e k="WatermelonGreenhouse_WatermelonGreenhouse_Input1" v="Manure"/>
		<e k="WatermelonGreenhouse_WatermelonGreenhouse_Input2" v="Water"/>
		<e k="WatermelonGreenhouse_WatermelonGreenhouse_Input3" v="Seeds"/>
									
		<e k="WatermelonGreenhouse_WatermelonGreenhouse_Input6" v="Watermelon"/>
									
		<e k="WatermelonGreenhouse_WatermelonGreenhouse_productLine_Watermelon" v="Watermelon Production"/>								
	</elements>
</l10n>