﻿<?xml version="1.0" encoding="utf-8" standalone="no" ?>
<modDesc descVersion="44">
	<author>Dajnet,MakSoN,Edward`s Modding</author>
    <version>1.0</version>
    
	<title>
        <en>Watermelon Greenhouse</en>
    </title>
    
	<description>
		<en><![CDATA[Watermelon Greenhouse]]>
		</en>
	</description>
    
	<iconFilename>store.dds</iconFilename>
    <multiplayer supported="true"/>  
	
	
	<extraSourceFiles>
		<sourceFile filename="GC_Checker.lua" />
		<sourceFile filename="register.lua" />
    </extraSourceFiles>
	
	<globalCompany minimumVersion="1.0.0.0" />
  	
	<storeItems>
		<storeItem xmlFilename="WatermelonGreenhouse.xml"/>
		<storeItem xmlFilename="WatermelonPallet.xml"/>		
    </storeItems>
	
	<l10n>
		<text name="function_Watermelon">
			<en>This Greenhouse produce Watermelon </en>
			<de>Dieses Gewächshaus produziert Kaffeebohnen</de>
		</text>		
		<text name="watermelon">
			<en>watermelon</en>
			<de>Koffein</de>
		</text>	
	</l10n>	

    <brands>
        <brand name="GCPLACEABLE" title="GlobalCompany Placeable" image="../FS19_GlobalCompany/brand_placeable.dds"/>
    </brands>
</modDesc>