﻿<?xml version="1.0" encoding="utf-8" standalone="no" ?>
<placeable>
    <storeData>
        <name>Watermelon Greenhouse</name>
        <image>store.dds</image>
        <price>20865</price>
        <dailyUpkeep>50</dailyUpkeep>
        <lifetime>1000</lifetime>
        <rotation>0</rotation>
        <brand>GCPLACEABLE</brand>
        <specs>
            <capacity>20000</capacity>
            <fillTypes>Watermelon  water seeds manure</fillTypes>
        </specs>
		<functions>
			<function>$l10n_function_Watermelon</function>
        </functions>
        <species>placeable</species>
        <category>globalCompanyPlaceable</category>
    </storeData>

    <placeableType>GC_ProductionFactoryPlaceable</placeableType>
    <filename>WatermelonGreenhouse.i3d</filename>
    <placement testSizeX="50" testSizeZ="90" sizeX="50" sizeZ="90" useRandomYRotation="false" useManualYRotation="true" />
	
	<hotspots>
        <hotspot name="GreenHouse" fullName="GreenHouse" imageName="SELLING_POINT" hidable="true" linkNode="20" category="CATEGORY_TRIGGERS"/>
  </hotspots>
	
	<clearAreas>
        <clearArea startIndex="4|0" widthIndex="4|1" heightIndex="4|2"/>
    </clearAreas>
	
	<leveling requireLeveling="true" maxSmoothDistance="10" maxSlope="30" maxEdgeAngle="20" >
        <levelAreas>
			<levelArea startNode="4|0" widthNode="4|1" heightNode="4|2" groundType="dirt"/>			
        </levelAreas>
    </leveling>
	
	<seasons>
        <maskAreas>
            <maskArea startNode="4|0" widthNode="4|1" heightNode="4|2" />
        </maskAreas>
    </seasons>
	
	<dayNightObjects>
        <dayNightObject node="15|0|0|1" visibleDay="false" visibleNight="true"/>
		<dayNightObject node="15|1|0|1" visibleDay="false" visibleNight="true"/>
		<dayNightObject node="15|2|0|1" visibleDay="false" visibleNight="true"/>
		<dayNightObject node="15|3|0|1" visibleDay="false" visibleNight="true"/>
		<dayNightObject node="15|4|0|1" visibleDay="false" visibleNight="true"/>
		<dayNightObject node="15|5|0|1" visibleDay="false" visibleNight="true"/>
		<dayNightObject node="15|6|0|1" visibleDay="false" visibleNight="true"/>
		<dayNightObject node="15|7|0|1" visibleDay="false" visibleNight="true"/>
		<dayNightObject node="15|8|0|1" visibleDay="false" visibleNight="true"/>
		<dayNightObject node="15|9|1" visibleDay="false" visibleNight="true"/>
		<dayNightObject node="15|10|1" visibleDay="false" visibleNight="true"/>
		<dayNightObject node="15|11|1" visibleDay="false" visibleNight="true"/>
		<dayNightObject node="15|12|1" visibleDay="false" visibleNight="true"/>
		<dayNightObject node="15|13|1" visibleDay="false" visibleNight="true"/>
		<dayNightObject node="15|14|1" visibleDay="false" visibleNight="true"/>
		<dayNightObject node="15|15|1" visibleDay="false" visibleNight="true"/>
		<dayNightObject node="15|16|1" visibleDay="false" visibleNight="true"/>
    </dayNightObjects>
				
	<productionFactories>
		<productionFactory indexName="WATERMELON GREENHOUSE" saveId="WatermelonGreenhouse">
			<guiInformation title="WatermelonGreenhouse_WatermelonGreenhouse_FactoryName" imageFilename="store.dds" description="WatermelonGreenhouse_WatermelonGreenhouse_FactoryDescription" cameraFeed="gui_camera"/>
			
			<operation updateDelayMinutes="10" showInGlobalGUI="true" />
			
			<registerUnloadingTriggers>
				<unloadingTrigger name="UnloadingTriggerManure" exactFillRootNode="exactFillRootNode1" palletTriggerNode= "palletTriggerNode4" />
				
				<unloadingTrigger name="UnloadingTriggerWater" exactFillRootNode="exactFillRootNode3" />
				
				<unloadingTrigger name="UnloadingTrigger" exactFillRootNode="exactFillRootNode9" palletTriggerNode= "palletTriggerNode6" />
				
				
			</registerUnloadingTriggers>
			
			<registerInputProducts>				
				<inputProduct name="IP_MANURE" capacity="25000" title="WatermelonGreenhouse_WatermelonGreenhouse_Input1" > 
					<fillTypes>
						<fillType name="manure" />
					</fillTypes>
					<purchase fixedPricePerLitre="1" /> 
					<inputMethods>
						<unloadingTrigger name="UnloadingTriggerManure"/>
					</inputMethods>	
                    <visibilityNodes>
						<nodeGroup hasChildCollisions="false" type="VISIBILITY" node="11"/>
						<nodeGroup hasChildCollisions="false" type="VISIBILITY" node="16"/>
					</visibilityNodes>	
					<movers>
						<mover node="plane1">
							<translation minimum="-18.550 -2.73 -0.72668517" maximum="-18.5500 -0.113 -0.726" />
						</mover>						
					</movers>							
					
					<digitalDisplays>
						<display displayType="LEVEL" numbers="IN_Display1" emptyNumberColor="1 0 0 1" numberColor="1 1 0 1" fullNumberColor="0 1 0 1"/>
					</digitalDisplays>
				</inputProduct>
				
				<inputProduct name="IP_WATER" capacity="50000" title="WatermelonGreenhouse_WatermelonGreenhouse_Input2" > 
					<fillTypes>
						<fillType name="water" />										
					</fillTypes>
					<purchase fixedPricePerLitre="0.66" />
					<visibilityNodes>
						
						<nodeGroup hasChildCollisions="false" type="VISIBILITY" node="17"/>
						
					</visibilityNodes>	
					
					<inputMethods>
						<unloadingTrigger name="UnloadingTriggerWater"/>				
					</inputMethods>							
					
					<digitalDisplays>
						<display displayType="LEVEL" numbers="IN_Display2" emptyNumberColor="1 0 0 1" numberColor="1 1 0 1" fullNumberColor="0 1 0 1"/>
					</digitalDisplays>
				</inputProduct>
				
				
				<inputProduct name="IP_SEEDS" capacity="10000" title="WatermelonGreenhouse_WatermelonGreenhouse_Input3" > 
					<fillTypes>
						<fillType name="seeds" />										
					</fillTypes>
					<purchase fixedPricePerLitre="0.34" />
					<inputMethods>
						<unloadingTrigger name="UnloadingTrigger"/>
					</inputMethods>	
                     
					<visibilityNodes>
						<nodeGroup hasChildCollisions="false" type="VISIBILITY" node="7"/>
						<nodeGroup hasChildCollisions="false" type="VISIBILITY" node="18"/>
					</visibilityNodes>

					<digitalDisplays>
						<display displayType="LEVEL" numbers="IN_Display4" emptyNumberColor="1 0 0 1" numberColor="1 1 0 1" fullNumberColor="0 1 0 1"/>
					</digitalDisplays>
					
				</inputProduct>
				
			
			</registerInputProducts>
			
			<registerOutputProducts>
				<outputProduct name="OP_WATERMELON" fillType="watermelon" capacity="30000" >
				
					<outputMethods>						
						<palletCreators fillType="watermelon" palletCapacity="4000" xmlFilename="WatermelonPallet.xml" activateDebugDraw="false" >
							<palletCreator node="palletSpawnerPlaceNode2" palletInteractionTrigger="interactionTriggerPallet2"/>
							<palletCreator node="palletSpawnerPlaceNode3" palletInteractionTrigger="interactionTriggerPallet3"/>
							<palletCreator node="palletSpawnerPlaceNode4" palletInteractionTrigger="interactionTriggerPallet4"/>
							<palletCreator node="palletSpawnerPlaceNode5" palletInteractionTrigger="interactionTriggerPallet5"/>
							<palletCreator node="palletSpawnerPlaceNode6" palletInteractionTrigger="interactionTriggerPallet6"/>
							<palletCreator node="palletSpawnerPlaceNode7" palletInteractionTrigger="interactionTriggerPallet7"/>
							<palletCreator node="palletSpawnerPlaceNode8" palletInteractionTrigger="interactionTriggerPallet8"/>
							<palletCreator node="palletSpawnerPlaceNode9" palletInteractionTrigger="interactionTriggerPallet9"/>
							<palletCreator node="palletSpawnerPlaceNode10" palletInteractionTrigger="interactionTriggerPallet10"/>
							<palletCreator node="palletSpawnerPlaceNode11" palletInteractionTrigger="interactionTriggerPallet11"/>						
							<palletCreator node="palletSpawnerPlaceNode12" palletInteractionTrigger="interactionTriggerPallet12"/>						
							<palletCreator node="palletSpawnerPlaceNode13" palletInteractionTrigger="interactionTriggerPallet13"/>						

					</palletCreators>
					</outputMethods>
		
				</outputProduct>							
			</registerOutputProducts>
			
			<productLines>
				<productLine autoLineStart="true" outputPerHour="1000" title="WatermelonGreenhouse_WatermelonGreenhouse_productLine_Watermelon" showInGUI="true">
					<inputs>
						<inputProduct name="IP_SEEDS" percent="10" />
						
						<inputProduct name="IP_WATER" percent="50" />
						<inputProduct name="IP_MANURE" percent="35" />							
					</inputs>					
					<outputs>
						<outputProduct name="OP_WATERMELON" percent="100" />
					</outputs>
					<playerTrigger playerTriggerNode="PlayerTrigger" showPopupUI="true"/>		
				<operatingParts>						
						<sounds>
							<sound geSoundNode="audio1"/>
							<sound geSoundNode="audio2"/>
							<sound geSoundNode="audio3"/>
						</sounds>
						
						<lighting>
							<beaconLights>
								<beaconLight node="beacon1" filename="$data/shared/assets/beaconLights/lizard/beaconLight01.xml" />
								<beaconLight node="beacon2" filename="$data/shared/assets/beaconLights/lizard/beaconLight01.xml" />								
							</beaconLights>
						</lighting>
						
						<animationNodeGroups>
							<animationNodes>
								<animationNode node="fan1" rotAxis="1" rotSpeed="500" />
								<animationNode node="fan2" rotAxis="1" rotSpeed="500" />
								<animationNode node="fan3" rotAxis="1" rotSpeed="500" />
								<animationNode node="fan4" rotAxis="1" rotSpeed="500" />
							</animationNodes>
						</animationNodeGroups>
						
						<effectTypes>
							<particleSystems>
								<particleEffect node="sprayer1" file="PS/watersprayPS_group.i3d" />
								<particleEffect node="sprayer2" file="PS/watersprayPS_group.i3d" />
								<particleEffect node="sprayer3" file="PS/watersprayPS_group.i3d" />
								<particleEffect node="sprayer4" file="PS/watersprayPS_group.i3d" />
								<particleEffect node="sprayer5" file="PS/watersprayPS_group.i3d" />
								<particleEffect node="sprayer6" file="PS/watersprayPS_group.i3d" />
								<particleEffect node="sprayer7" file="PS/watersprayPS_group.i3d" />
								<particleEffect node="sprayer8" file="PS/watersprayPS_group.i3d" />
								<particleEffect node="sprayer9" file="PS/watersprayPS_group.i3d" />
								<particleEffect node="sprayer10" file="PS/watersprayPS_group.i3d" />
								<particleEffect node="sprayer11" file="PS/watersprayPS_group.i3d" />
								<particleEffect node="sprayer12" file="PS/watersprayPS_group.i3d" />
								<particleEffect node="sprayer13" file="PS/watersprayPS_group.i3d" />
								<particleEffect node="sprayer14" file="PS/watersprayPS_group.i3d" />
								<particleEffect node="sprayer15" file="PS/watersprayPS_group.i3d" />
								<particleEffect node="sprayer16" file="PS/watersprayPS_group.i3d" />
								<particleEffect node="sprayer17" file="PS/watersprayPS_group.i3d" />
								<particleEffect node="sprayer18" file="PS/watersprayPS_group.i3d" />
							</particleSystems>
						</effectTypes>
						
						<animationClips>
							<animationClip node="waterstains" name="waterstains" resetOnStop="true" animTrackLoop="true" />
						</animationClips>
						
					</operatingParts>
					
				</productLine>								
			</productLines>	
			
			<i3dMappings>
				<i3dMapping id="gui_camera" node="12"/>
				<i3dMapping id="exactFillRootNode1" node="0|0|0" />
				<i3dMapping id="palletTriggerNode4" node="0|0|1" />
				<i3dMapping id="exactFillRootNode3" node="0|1|0" />
				<i3dMapping id="exactFillRootNode9" node="0|2|1" />
				<i3dMapping id="palletTriggerNode6" node="0|2|2" />
				<i3dMapping id="plane1" node="0|0|3" />
				<i3dMapping id="IN_Display1" node="0|0|2|0" />			
    			<i3dMapping id="IN_Display2" node="0|1|1|0" />
				<i3dMapping id="IN_Display4" node="0|2|0|0" />
				<i3dMapping id="start1" node="13|0" />
				<i3dMapping id="end1" node="13|1" />
				<i3dMapping id="PlayerTrigger" node="14" />
				<i3dMapping id="audio1" node="3|2|0" />
				<i3dMapping id="audio2" node="3|2|1" />
				<i3dMapping id="audio3" node="3|2|2" />
				<i3dMapping id="fan1" node="3|3|0|0" />
				<i3dMapping id="fan2" node="3|3|1|0" />
				<i3dMapping id="fan3" node="3|3|2|0" />
				<i3dMapping id="fan4" node="3|3|3|0" />
				<i3dMapping id="sprayer1" node="3|0|0" />
				<i3dMapping id="sprayer2" node="3|0|1" />
				<i3dMapping id="sprayer3" node="3|0|2" />
				<i3dMapping id="sprayer4" node="3|0|3" />
				<i3dMapping id="sprayer5" node="3|0|4" />
				<i3dMapping id="sprayer6" node="3|0|5" />
				<i3dMapping id="sprayer7" node="3|0|6" />
				<i3dMapping id="sprayer8" node="3|0|7" />
				<i3dMapping id="sprayer9" node="3|0|8" />
				<i3dMapping id="sprayer10" node="3|0|9" />
				<i3dMapping id="sprayer11" node="3|0|10" />
				<i3dMapping id="sprayer12" node="3|0|11" />
				<i3dMapping id="sprayer13" node="3|0|12" />
				<i3dMapping id="sprayer14" node="3|0|13" />
				<i3dMapping id="sprayer15" node="3|0|14" />
				<i3dMapping id="sprayer16" node="3|0|15" />
				<i3dMapping id="sprayer17" node="3|0|16" />
				<i3dMapping id="sprayer18" node="3|0|17" />
				<i3dMapping id="beacon1" node="3|4" />
				<i3dMapping id="beacon2" node="3|5" />				
				<i3dMapping id="waterstains" node="3|1|0" />
				<i3dMapping id="interactionTriggerPallet2" node="21|0|0|0" />
				<i3dMapping id="palletSpawnerPlaceNode2" node="21|0|0|1" />
				<i3dMapping id="interactionTriggerPallet3" node="21|0|1|0" />
				<i3dMapping id="palletSpawnerPlaceNode3" node="21|0|1|1" />
				<i3dMapping id="interactionTriggerPallet4" node="21|0|2|0" />
				<i3dMapping id="palletSpawnerPlaceNode4" node="21|0|2|1" />
				<i3dMapping id="interactionTriggerPallet5" node="21|0|3|0" />
				<i3dMapping id="palletSpawnerPlaceNode5" node="21|0|3|1" />
				<i3dMapping id="interactionTriggerPallet6" node="21|0|4|0" />
				<i3dMapping id="palletSpawnerPlaceNode6" node="21|0|4|1" />
				<i3dMapping id="interactionTriggerPallet7" node="21|0|5|0" />
				<i3dMapping id="palletSpawnerPlaceNode7" node="21|0|5|1" />
				<i3dMapping id="interactionTriggerPallet8" node="21|0|6|0" />
				<i3dMapping id="palletSpawnerPlaceNode8" node="21|0|6|1" />
				<i3dMapping id="interactionTriggerPallet9" node="21|0|7|0" />
				<i3dMapping id="palletSpawnerPlaceNode9" node="21|0|7|1" />
				<i3dMapping id="interactionTriggerPallet10" node="21|0|8|0" />
				<i3dMapping id="palletSpawnerPlaceNode10" node="21|0|8|1" />
				<i3dMapping id="interactionTriggerPallet11" node="21|0|9|0" />
				<i3dMapping id="palletSpawnerPlaceNode11" node="21|0|9|1" />
				<i3dMapping id="interactionTriggerPallet12" node="21|0|10|0" />
				<i3dMapping id="palletSpawnerPlaceNode12" node="21|0|10|1" />
				<i3dMapping id="interactionTriggerPallet13" node="21|0|11|0" />
				<i3dMapping id="palletSpawnerPlaceNode13" node="21|0|11|1" />
				<i3dMapping id="interactionTriggerPallet14" node="21|0|12|0" />
				<i3dMapping id="palletSpawnerPlaceNode14" node="21|0|12|1" />
				<i3dMapping id="interactionTriggerPallet15" node="21|0|13|0" />
				<i3dMapping id="palletSpawnerPlaceNode15" node="21|0|13|1" />
				<i3dMapping id="interactionTriggerPallet16" node="21|0|14|0" />
				<i3dMapping id="palletSpawnerPlaceNode16" node="21|0|14|1" />
				<i3dMapping id="interactionTriggerPallet17" node="21|0|15|0" />
				<i3dMapping id="palletSpawnerPlaceNode17" node="21|0|15|1" />
				<i3dMapping id="interactionTriggerPallet18" node="21|0|16|0" />
				<i3dMapping id="palletSpawnerPlaceNode18" node="21|0|16|1" />
				<i3dMapping id="interactionTriggerPallet19" node="21|0|17|0" />
				<i3dMapping id="palletSpawnerPlaceNode19" node="21|0|17|1" />
				<i3dMapping id="interactionTriggerPallet20" node="21|0|18|0" />
				<i3dMapping id="palletSpawnerPlaceNode20" node="21|0|18|1" />
				<i3dMapping id="interactionTriggerPallet21" node="21|0|19|0" />
				<i3dMapping id="palletSpawnerPlaceNode21" node="21|0|19|1" />

			</i3dMappings>				
		</productionFactory>				
	</productionFactories>
</placeable>