<?xml version="1.0" encoding="utf-8" standalone="no" ?>
<vehicle type="pallet">
    <storeData>
        <name>Watermelon</name>
        <image>icon.dds</image>
		<category>pallets</category>
		<brand>LIZARD</brand>
		<canBeSold>false</canBeSold>
        <showInStore>false</showInStore>
        <price>1</price>
        <financeCategory>OTHER</financeCategory>
        <vertexBufferMemoryUsage>2560</vertexBufferMemoryUsage>
        <indexBufferMemoryUsage>360</indexBufferMemoryUsage>
        <textureMemoryUsage>349552</textureMemoryUsage>
        <instanceVertexBufferMemoryUsage>0</instanceVertexBufferMemoryUsage>
        <instanceIndexBufferMemoryUsage>0</instanceIndexBufferMemoryUsage>
    </storeData>
	
    <base>
        <filename>WatermelonPallet.i3d</filename>
        <size width="2" length="2" />
        <input allowed="false"/>
        <canBeReset>false</canBeReset>
        <components>
            <component centerOfMass="0 0.1 0" solverIterationCount="10" mass="300" />
        </components>
    </base>

    

    <fillUnit>
        <fillUnitConfigurations>
            <fillUnitConfiguration>
                <fillUnits removeVehicleIfEmpty="true">
                    <fillUnit unit="$l10n_unit_literShort" fillTypes="watermelon" capacity="4000" startFillType="watermelon" startFillLevel="4000" >
                       <dashboard displayType="ANIMATION" valueType="fillLevel" animName="melonsack"/>
                    </fillUnit>
                </fillUnits>
            </fillUnitConfiguration>
        </fillUnitConfigurations>
    </fillUnit>

    <dischargeable requiresTipOcclusionArea="false">
		<dischargeNode node="0>" emptySpeed="99999" fillUnitIndex="1" maxDistance="6" canStartDischargeAutomatically="true">   
		    <trigger node="dischargeTrigger" />
        </dischargeNode>
    </dischargeable>


    <dynamicMount triggerNode="dynamicMountTrigger" />

    <tensionBeltObject>
        <meshNodes>
            <meshNode node="tensionBeltShape"/>
        </meshNodes>
    </tensionBeltObject>

 <animations>
        <animation name="melonsack">
			<part node="milkcan1" startTime="0.000" endTime="0.001" visibility="false"/>
            <part node="milkcan1" startTime="0.001" endTime="1.000" visibility="true"/>
			
			<part node="milkcan2" startTime="0.000" endTime="0.025" visibility="false"/>
            <part node="milkcan2" startTime="0.025" endTime="1.000" visibility="true"/>
		    
			<part node="milkcan3" startTime="0.000" endTime="0.050" visibility="false"/>
            <part node="milkcan3" startTime="0.050" endTime="1.000" visibility="true"/>
			
			<part node="milkcan4" startTime="0.000" endTime="0.075" visibility="false"/>
            <part node="milkcan4" startTime="0.075" endTime="1.000" visibility="true"/>
			
			<part node="milkcan5" startTime="0.000" endTime="0.100" visibility="false"/>
            <part node="milkcan5" startTime="0.100" endTime="1.000" visibility="true"/>
			
			<part node="milkcan6" startTime="0.000" endTime="0.125" visibility="false"/>
            <part node="milkcan6" startTime="0.125" endTime="1.000" visibility="true"/>
			
			<part node="milkcan7" startTime="0.000" endTime="0.150" visibility="false"/>
            <part node="milkcan7" startTime="0.150" endTime="1.000" visibility="true"/>
			
			<part node="milkcan8" startTime="0.000" endTime="0.175" visibility="false"/>
            <part node="milkcan8" startTime="0.175" endTime="1.000" visibility="true"/>
		    
			<part node="milkcan9" startTime="0.000" endTime="0.200" visibility="false"/>
            <part node="milkcan9" startTime="0.200" endTime="1.000" visibility="true"/>
			
			<part node="milkcan10" startTime="0.000" endTime="0.225" visibility="false"/>
            <part node="milkcan10" startTime="0.225" endTime="1.000" visibility="true"/>
			
			<part node="milkcan11" startTime="0.000" endTime="0.250" visibility="false"/>
            <part node="milkcan11" startTime="0.250" endTime="1.000" visibility="true"/>
			
			<part node="milkcan12" startTime="0.000" endTime="0.275" visibility="false"/>
            <part node="milkcan12" startTime="0.275" endTime="1.000" visibility="true"/>
		    
			<part node="milkcan13" startTime="0.000" endTime="0.300" visibility="false"/>
            <part node="milkcan13" startTime="0.300" endTime="1.000" visibility="true"/>
			
			<part node="milkcan14" startTime="0.000" endTime="0.325" visibility="false"/>
            <part node="milkcan14" startTime="0.325" endTime="1.000" visibility="true"/>
			
			<part node="milkcan15" startTime="0.000" endTime="0.350" visibility="false"/>
            <part node="milkcan15" startTime="0.350" endTime="1.000" visibility="true"/>
			
			<part node="milkcan16" startTime="0.000" endTime="0.375" visibility="false"/>
            <part node="milkcan16" startTime="0.375" endTime="1.000" visibility="true"/>
			
			<part node="milkcan17" startTime="0.000" endTime="0.400" visibility="false"/>
            <part node="milkcan17" startTime="0.400" endTime="1.000" visibility="true"/>
			
			<part node="milkcan18" startTime="0.000" endTime="0.425" visibility="false"/>
            <part node="milkcan18" startTime="0.425" endTime="1.000" visibility="true"/>
			
			<part node="milkcan19" startTime="0.000" endTime="0.450" visibility="false"/>
            <part node="milkcan19" startTime="0.450" endTime="1.000" visibility="true"/>

		 </animation>
    </animations>

    <i3dMappings>
		<i3dMapping id="dynamicMountTrigger" node="0>1" />
		<i3dMapping id="tensionBeltShape" node="0>13"/>
		<i3dMapping id="dischargeTrigger" node="0>14" />
		<i3dMapping id="milkcan1" node="0>2|0"/>
        <i3dMapping id="milkcan2" node="0>2|1"/>
        <i3dMapping id="milkcan3" node="0>2|2"/>
        <i3dMapping id="milkcan4" node="0>2|3"/>
        <i3dMapping id="milkcan5" node="0>2|4"/>
        <i3dMapping id="milkcan6" node="0>2|5"/>
		<i3dMapping id="milkcan7" node="0>2|6"/>
        <i3dMapping id="milkcan8" node="0>2|7"/>
        <i3dMapping id="milkcan9" node="0>2|8"/>
		<i3dMapping id="milkcan10" node="0>2|9"/>
        <i3dMapping id="milkcan11" node="0>2|10"/>
        <i3dMapping id="milkcan12" node="0>2|11"/>
        <i3dMapping id="milkcan13" node="0>2|12"/>
        <i3dMapping id="milkcan14" node="0>2|13"/>
        <i3dMapping id="milkcan15" node="0>2|14"/>
        <i3dMapping id="milkcan16" node="0>2|15"/>
		<i3dMapping id="milkcan17" node="0>2|16"/>
        <i3dMapping id="milkcan18" node="0>2|17"/>
        <i3dMapping id="milkcan19" node="0>2|18"/>
    </i3dMappings>
</vehicle>
