<?xml version="1.0" encoding="utf-8" standalone="no"?>
<vehicle type="AD_Steer">
    <annotation>ImpTS</annotation>

    <storeData>
        <name>Lenk-Adapter</name>
        <functions>
            <function>
				<de>Der Lenkadapter wurde speziell für die Arbeit mit Mähwerken entwickelt. Er erlaubt präzises Mähen selbst auf verwinkelten und schwierigen Flächen.</de> 
				<en>Especially design't for the work with mowers. It enables precise mowing even on difficult fields. </en>
			</function>
        </functions>
		<specs>
            <combination>SynTrac</combination>
        </specs>
        <image>store_AD_Steer.dds</image>
        <price>14000</price>
        <lifetime>600</lifetime>
        <rotation>0</rotation>
        <brand>SYNTRAC</brand>
        <category>misc</category>
    </storeData>

    <base>
        <typeDesc>$l10n_typeDesc_trailer</typeDesc>
        <filename>vehicles/AD_Steer.i3d</filename>
        <size width="3" length="3" lengthOffset="0.8"/>
        <components>
            <component centerOfMass="0 1 0" solverIterationCount="20" mass="1100" />
        </components>
        <schemaOverlay attacherJointPosition="0 0">
            <default name="DEFAULT_IMPLEMENT"/>
            <selected name="DEFAULT_IMPLEMENT_SELECTED"/>
        </schemaOverlay>
    </base>
	
	<dynamicallyLoadedParts>
		<dynamicallyLoadedPart node="0" linkNode="LP_Monitor_F" filename="parts/Monitor1x.i3d" />
	</dynamicallyLoadedParts>
	
    <attachable>
        <inputAttacherJoints>
			<inputAttacherJoint node="attacherjoint_F" jointType="telehandler" upperRotationOffset="3" lowerRotLimitScale="0 0 0" allowsLowering="true">
				<distanceToGround lower="0.8" upper="0.8" />
				<objectChange node="ref_UI_F" visibilityActive="true"  visibilityInactive="false" translationActive="0.714 1.300 1.124" rotationActive="-20 -80 0"/>
			</inputAttacherJoint>			
			<inputAttacherJoint node="attacherjoint_H" jointType="skidSteer" hardAttach="true" >
				 <objectChange node="ref_UI_F" visibilityActive="true"  visibilityInactive="false" translationActive="-0.714 1.300 1.224" translationInactive="0.714 1.300 1.124" rotationActive="-20 80 0" rotationInactive="-20 80 0" /> 
			</inputAttacherJoint>
		</inputAttacherJoints>
		<support animationName="moveSupport"/>
		<brakeForce>1</brakeForce>
        <steeringAxleAngleScale startSpeed="5" endSpeed="90"/>
    </attachable>
	
	<attacherJoints>		
		<attacherJoint node="attacherjoint_3P" aiAllowTurnBackward="true">
            <distanceToGround lower="0" upper="0" />
            <rotationNode node="attacherJointRot" upperRotation="0 0 0" lowerRotation="0 0 0" lowerRotationLimit="0 0 0"/>
            <rotationNode2 node="attacherJointRot2"/>
            <bottomArm rotationNode="attacherJointArmBottom" translationNode="attacherJointArmBottomLowerLink" referenceNode="attacherJointArmBottomRef" zScale="-1" startRotation="0 0 0"/>
            <topArm baseNode="ref_UpperLink" filename="parts/Upperlink_A.i3d" zScale="-1" color="SHARED_BLACK1" toggleVisibility="true"/>
			<schema position="1 0" rotation="0" invertX="false" />
        </attacherJoint>
    </attacherJoints>
	
	<connectionHoses>
        <target attacherJointIndices="1" type="electric" node="electric"/>
        <target attacherJointIndices="1" type="hydraulicIn" node="hydraulicIn01"/>
        <target attacherJointIndices="1" type="hydraulicOut" node="hydraulicOut01"/>
        <target attacherJointIndices="1" type="hydraulicIn" node="hydraulicIn02"/>
        <target attacherJointIndices="1" type="hydraulicOut" node="hydraulicOut02"/>
        <target attacherJointIndices="1" type="hydraulicIn" node="hydraulicIn03"/>
        <target attacherJointIndices="1" type="hydraulicOut" node="hydraulicOut03"/>
    </connectionHoses>
	
	<powerTakeOffs>
        <output attacherJointIndices="1" outputNode="ptoOutput" />
    </powerTakeOffs>
	
	<turnOnVehicle turnOffIfNotAllowed="true"/>
	
	<pipe>
        <unloadingTriggers>
            <unloadingTrigger node="trailerTrigger" />
        </unloadingTriggers>
        <pipeNodes>			
            <pipeNode node="ref_pipeangle" rotationSpeeds="0 55 0" autoAimYRotation="true" autoAimInvertZ="true" minRotationLimits="- -30 -" maxRotationLimits="- 30 -" foldPriority="1">
                <state1 rotation="0 0 0" />
                <state2 rotation="0 0 0"/>
            </pipeNode>
			<pipeNode node="ref_piperange" rotationSpeeds="80 0 0" autoAimXRotation="true" minRotationLimits="45 - -" maxRotationLimits="105 - -" bendingRegulation="0.15">
                <state1 rotation="0 0 0"/>
                <state2 rotation="90 0 0"/>
                <bendingRegulationNode node="dummy_discharge" axis="1" direction="1"/>
			</pipeNode>
			<pipeNode node="ref_PipeUIswitch" rotationSpeeds="0 1 0" >
                <state1 rotation="0 -0.1 0"/>
                <state2 rotation="0 0.1 0"/>
            </pipeNode>	
		</pipeNodes>
	    <states num="2" unloading="1 2" autoAiming="2" turnOnAllowed="1 2"/>
	</pipe>
	
	<dischargeable requiresTipOcclusionArea="false">
        <!-- AutoPipe -->
		<dischargeNode node="dummy_discharge" emptySpeed="1" fillUnitIndex="1" maxDistance="3" stopDischargeOnEmpty="false">
            <info width="0.4" length="0.4" useRaycastHitPosition="true"/>
			<raycast extraDistance="-1" maxDistance="3"/>
        </dischargeNode>
	</dischargeable>
	
	<fillUnit>
        <fillUnitConfigurations>
            <fillUnitConfiguration>
                <fillUnits>
                    <fillUnit unit="$l10n_unit_literShort" showOnHud="false" fillTypes="def" capacity="5"/>
                </fillUnits>
            </fillUnitConfiguration>
        </fillUnitConfigurations>
    </fillUnit>
	
	<cylindered>
		<movingTools>			
			<!-- 3P Adjust -->
			<movingTool node="ref_Lifter">
				<controls axis="AXIS_FRONTLOADER_ARM" invertAxis="true" invertMouseAxis="false" speedFactor="0.7"/>
				<rotation rotSpeed="15" rotAcceleration="300" rotMax="0" rotMin="-50" startRot="0"/>
				<attacherJoint jointIndices="1" />
				<dependentAnimation name="Lifter" rotationAxis="1" minValue="-50" maxValue="0" invert="false"/>
				<dependentMovingTool node="attacherJoint_Para" speedScale="-1"/>
				<dependentPart node="Zyl_Lifter"/>
			</movingTool>
			<movingTool node="attacherJoint_Para">
                <rotation rotSpeed="15" rotAcceleration="300" rotMax="50" rotMin="0" startRot="0"/>
            </movingTool>
			
			<movingTool node="attacherJoint_Adjust">
				<controls axis="AXIS_FRONTLOADER_TOOL" invertAxis="true" invertMouseAxis="true" speedFactor="0.7"/>
				<rotation rotSpeed="15" rotAcceleration="300" rotMax="15" rotMin="-15" startRot="0"/>
				<attacherJoint jointIndices="1" />
				<dependentMovingTool node="UI_3P_Angle" speedScale="1"/>
			</movingTool>		
			<movingTool node="UI_3P_Angle">
                <rotation rotSpeed="15" rotAcceleration="300" rotMax="15" rotMin="-15" startRot="0"/>
            </movingTool>
			
			
			<!-- 3P Steering -->
			<movingTool node="ref_pipeangle">
				<dependentAnimation name="ANIM_pipeBase" rotationAxis="2" minValue="-30" maxValue="30" invert="true"/>
			</movingTool>
			<movingTool node="ref_SteeringBase">
				<attacherJoint jointIndices="1" />
			</movingTool>
			<!-- UI Pipe on/off -->         
			<movingTool node="ref_PipeUIswitch">
				<dependentAnimation name="Anim_UI_PipeOnOFF" rotationAxis="2" minValue="-0.1" maxValue="0.1" invert="true"/>
			</movingTool>
			
			<!-- Support -->         
			<movingTool node="ref_support_anim">
				<dependentPart node="Zyl_Support_L"/>
				<dependentPart node="Zyl_Support_R"/>
			</movingTool>
			
        </movingTools>
		
        <movingParts>
			<!-- Lifter Zylinder -->
			<movingPart node="Zyl_Lifter" referencePoint="RP_Zyl_Lifter" referenceFrame="ref_Zyl_Lifter" playSound="true">
                <translatingPart node="Piston_Lifter"/>
            </movingPart>
			
			<!-- support -->
			<movingPart node="Zyl_Support_L" referencePoint="RP_ZylSupport_L" referenceFrame="ref_Zyl_Support_L" playSound="true">
                <translatingPart node="Kolben_Support_L"/>
            </movingPart>
            
			<!-- Pipesys -->
			<movingPart node="B_Pipes_Support_1"   referenceFrame="RPB_Pipes_Support_1" moveToReferenceFrame="true" isActiveDirty="true"/>
			<movingPart node="B_Pipes_1"   referenceFrame="RPB_Pipes_1" moveToReferenceFrame="true" isActiveDirty="true"/>
			<movingPart node="B_Pipes_2"   referenceFrame="RPB_Pipes_2" moveToReferenceFrame="true" isActiveDirty="true"/>
			<movingPart node="B_PipesLifter_2"   referenceFrame="RPB_Pipes_2" moveToReferenceFrame="true" isActiveDirty="true"/>
			<movingPart node="B_PipesLifter_3"   referenceFrame="RPB_Pipes_3" moveToReferenceFrame="true" isActiveDirty="true"/>
        </movingParts>

        <sounds>
            <hydraulic template="DEFAULT_HYDRAULIC_SOUND" linkNode="0>"/>
        </sounds>
    </cylindered>
	
	<foldable>
        <foldingParts startMoveDirection="1" turnOnFoldMaxLimit="0.125" turnOnFoldMinLimit="0.0">
            <foldingPart animationName="folding" speedScale="1" />
        </foldingParts>
    </foldable>
	
	<animations>
        <animation name="moveSupport">
            <part node="ref_support_anim" startTime="0" endTime="3" startRot="0 0 0" endRot="-45 0 0" />
			<part node="ref_UI" startTime="0" endTime="2.9" visibility="true"/>
			<part node="ref_UI" startTime="2.91" endTime="3" visibility="false"/>
        </animation>
		<animation name="ANIM_pipeBase">
            <part node="ref_SteeringBase" startTime="0" endTime="1" startRot="0 30 0" endRot="0 -30 0"/>
			<part node="ref_Steer_Antrieb" startTime="0" endTime="1" startRot="0 0 0" endRot="0 1000 0"/>
        </animation>
		<animation name="Lifter">
            <part node="UI_3P_Lift" startTime="0" endTime="0.9" startTrans="0 0.052 -0.002" endTrans="0 -0.058 -0.002"/>
			<part node="Col_Support_front" startTime="0" endTime="0.9" startTrans="0.16 0 0" endTrans="0.16 0 0"/>
			<part node="Col_Support_front" startTime="0.9" endTime="0.91" startTrans="0.16 0 0" endTrans="0 0 0"/>
			<part node="Col_Support_front" startTime="0.92" endTime="1" startTrans="0 0 0" endTrans="0 0 0"/>
        </animation>
		
		<animation name="Anim_UI_PipeOnOFF">
            <part node="UI_text_active" startTime="0" endTime="0.5" visibility="true"/>
			<part node="UI_text_active" startTime="0.5" endTime="1" visibility="false"/>
			<part node="UI_text_inactive" startTime="0" endTime="0.5" visibility="false"/>
			<part node="UI_text_inactive" startTime="0.5" endTime="1" visibility="true"/>
        </animation>
		<animation name="folding">
			<part node="ref_Disp_ADschwenk" startTime="0" endTime="0.1" visibility="true"/>
			<part node="ref_Disp_ADschwenk" startTime="0.1" endTime="0.2" visibility="false"/>
        </animation>
    </animations>
	
	<baseMaterial>
        <material name="decal_ADSteer_color" baseNode="Steerbase">
            <shaderParameter name="colorMat0" value="0.050 0.050 0.070 16"/>
			<shaderParameter name="colorMat1" value="1 1 1 8"/>
			<shaderParameter name="colorMat2" value="1.000 0.250 0.000 16"/>
			<shaderParameter name="colorMat3" value="1.000 0.250 0.000 1"/>
        </material>
		<material name="decal_SynEuro5_color" baseNode="Einschub_Euro5">
            <shaderParameter name="colorMat0" value="0.050 0.050 0.070 16"/>
			<shaderParameter name="colorMat1" value="1 1 1 8"/>
			<shaderParameter name="colorMat2" value="1.000 0.250 0.000 16"/>
			<shaderParameter name="colorMat3" value="0.900 0.900 0.000 1"/>
			<shaderParameter name="colorMat4" value="0.900 0.000 0.000 16"/>
			<shaderParameter name="colorMat5" value="0.090 0.090 0.090 1"/>
			<shaderParameter name="colorMat6" value="1.000 0.250 0.000 16"/>
			<shaderParameter name="colorMat7" value="0.10 1.00 1.00 1.0"/>
        </material>
		<material name="ATU_mat" baseNode="bottomArm_ATU">
            <shaderParameter name="colorMat0" value="0.050 0.050 0.070 16"/>
			<shaderParameter name="colorMat1" value="1 1 1 8"/>
			<shaderParameter name="colorMat2" value="1.000 0.250 0.000 16"/>
			<shaderParameter name="colorMat3" value="0.900 0.900 0.000 1"/>
			<shaderParameter name="colorMat4" value="0.900 0.000 0.000 16"/>
			<shaderParameter name="colorMat5" value="0.090 0.090 0.090 1"/>
			<shaderParameter name="colorMat6" value="1.000 0.250 0.000 16"/>
			<shaderParameter name="colorMat7" value="0.10 1.00 1.00 1.0"/>
        </material>
    </baseMaterial>
	<!-- P1 Main -->
	<baseMaterialConfigurations price="2000" useDefaultColors="false" defaultColorIndex="0">
		<baseMaterialConfiguration color="0.050 0.050 0.070"/> <!-- dark -->
		<baseMaterialConfiguration color="1.000 0.050 0.025"/> <!-- red -->
		<baseMaterialConfiguration color="1.000 0.250 0.000"/> <!-- orange -->
		<baseMaterialConfiguration color="0.8000 0.8000 0.0000" />
		<baseMaterialConfiguration color="0.0000 0.6000 0.8000" />
		<material name="decal_SynEuro5_color" shaderParameter="colorMat0" />
		<material name="decal_ADSteer_color" shaderParameter="colorMat0" />
    </baseMaterialConfigurations>	
	<!-- P1 Second -->
	<designMaterialConfigurations price="1200" useDefaultColors="true" defaultColorIndex="0">
		<designMaterialConfiguration color="1.000 0.050 0.025"/> <!-- red -->
		<designMaterialConfiguration color="0.050 0.050 0.070"/> <!-- dark -->
		<designMaterialConfiguration color="1.000 0.250 0.000"/> <!-- orange -->
		<designMaterialConfiguration color="0.8000 0.8000 0.0000" />
		<designMaterialConfiguration color="0.0000 0.6000 0.8000" />
		<material name="decal_ADSteer_color" shaderParameter="colorMat2" />
		<material name="decal_ADSteer_color" shaderParameter="colorMat3" />
		<material name="ATU_mat" shaderParameter="colorMat2" />
	</designMaterialConfigurations>

    <foliageBending>
        <bendingNode minX="-0.5" maxX="0.5" minZ="1.0" maxZ="2.5" yOffset="0.05" />
    </foliageBending>

    <wearable wearDuration="480" workMultiplier="5" fieldMultiplier="2"/>
    <washable dirtDuration="90" washDuration="1" workMultiplier="4" fieldMultiplier="2"/>

    <i3dMappings>
        <i3dMapping id="attacherjoint_F" node="0>0|0" />
        <i3dMapping id="attacherjoint_H" node="0>0|1" />
        <i3dMapping id="ref_support_anim" node="0>0|2" />
        <i3dMapping id="RP_ZylSupport_L" node="0>0|2|0" />
        <i3dMapping id="RP_ZylSupport_R" node="0>0|2|1" />
        <i3dMapping id="Col_Support_L" node="0>0|2|3" />
        <i3dMapping id="Col_Support_R" node="0>0|2|4" />
        <i3dMapping id="ref_Zyl_Support_L" node="0>0|3" />
        <i3dMapping id="Zyl_Support_L" node="0>0|3|0" />
        <i3dMapping id="Kolben_Support_L" node="0>0|3|0|0" />
        <i3dMapping id="Kolben_Support_R" node="0>0|3|0|0|0" />
        <i3dMapping id="Zyl_Support_R" node="0>0|3|0|1" />
        <i3dMapping id="RPB_Pipes_Support_1" node="0>0|3|0|2" />
        <i3dMapping id="ptoOutput" node="0>0|4" />
        <i3dMapping id="ref_SteeringBase" node="0>1" />
        <i3dMapping id="ref_UpperLink" node="0>1|0|0" />
        <i3dMapping id="electric" node="0>1|0|1" />
        <i3dMapping id="hydraulicIn01" node="0>1|0|2" />
        <i3dMapping id="hydraulicOut01" node="0>1|0|3" />
        <i3dMapping id="hydraulicIn02" node="0>1|0|4" />
        <i3dMapping id="hydraulicOut02" node="0>1|0|5" />
        <i3dMapping id="hydraulicIn03" node="0>1|0|6" />
        <i3dMapping id="hydraulicOut03" node="0>1|0|7" />
        <i3dMapping id="ref_Lifter" node="0>1|1" />
        <i3dMapping id="attacherJointRot" node="0>1|1|0" />
        <i3dMapping id="attacherJoint_Para" node="0>1|1|0|0" />
        <i3dMapping id="attacherJoint_Adjust" node="0>1|1|0|0|0" />
        <i3dMapping id="attacherJointRot2" node="0>1|1|0|0|0|0" />
        <i3dMapping id="attacherjoint_3P" node="0>1|1|0|0|0|0|0" />
        <i3dMapping id="attacherJointArmBottom" node="0>1|1|1" />
        <i3dMapping id="attacherJointArmBottomLowerLink" node="0>1|1|1|0" />
        <i3dMapping id="attacherJointArmBottomRef" node="0>1|1|1|0|0" />
        <i3dMapping id="Col_Support_front" node="0>1|1|2|0" />
        <i3dMapping id="RP_Zyl_Lifter" node="0>1|1|3" />
        <i3dMapping id="bottomArm_ATU" node="0>1|1|6" />
        <i3dMapping id="ref_Zyl_Lifter" node="0>1|2" />
        <i3dMapping id="Zyl_Lifter" node="0>1|2|0" />
        <i3dMapping id="Piston_Lifter" node="0>1|2|0|0" />
        <i3dMapping id="RPB_Pipes_3" node="0>1|2|0|1" />
        <i3dMapping id="ref_Steer_Antrieb" node="0>1|3" />
        <i3dMapping id="Steer_Antrieb" node="0>1|3|0" />
        <i3dMapping id="RPB_Pipes_2" node="0>1|4" />
        <i3dMapping id="SteeringBase" node="0>1|5" />
        <i3dMapping id="trailerTrigger" node="0>2|0" />
        <i3dMapping id="ref_pipeangle" node="0>2|1" />
        <i3dMapping id="ref_PipeUIswitch" node="0>2|1|0" />
        <i3dMapping id="ref_piperange" node="0>2|1|0|0" />
        <i3dMapping id="dummy_discharge" node="0>2|1|0|0|0" />
        <i3dMapping id="ref_UI" node="0>3" />
        <i3dMapping id="ref_UI_F" node="0>3|0" />
        <i3dMapping id="ref_Disp" node="0>3|0|0" />
        <i3dMapping id="ref_Disp_ADschwenk" node="0>3|0|0|0" />
        <i3dMapping id="ref_UI_3P_Lift" node="0>3|0|0|0|0" />
        <i3dMapping id="UI_3P_Lift" node="0>3|0|0|0|0|0" />
        <i3dMapping id="ref_UI_3P_Angle" node="0>3|0|0|0|1" />
        <i3dMapping id="UI_3P_Angle" node="0>3|0|0|0|1|0" />
        <i3dMapping id="UI_text_active" node="0>3|0|0|0|2" />
        <i3dMapping id="UI_text_inactive" node="0>3|0|0|0|3" />
        <i3dMapping id="PTO_on" node="0>3|0|0|0|4" />
        <i3dMapping id="LP_Monitor_F" node="0>3|0|1" />
        <i3dMapping id="RPB_Pipes_1" node="0>4|0" />
        <i3dMapping id="B_Pipes_1" node="0>4|2" />
        <i3dMapping id="B_Pipes_2" node="0>4|2|0" />
        <i3dMapping id="B_PipesLifter_2" node="0>4|4" />
        <i3dMapping id="B_PipesLifter_3" node="0>4|4|0" />
        <i3dMapping id="RPB_Pipestart" node="0>5|0" />
        <i3dMapping id="B_Pipes_Support_0" node="0>5|2" />
        <i3dMapping id="B_Pipes_Support_1" node="0>5|2|0" />
        <i3dMapping id="Einschub_Euro5" node="0>6|0" />
        <i3dMapping id="Steerbase" node="0>6|2" />
    </i3dMappings>
</vehicle>