﻿<?xml version="1.0" encoding="utf-8" standalone="no" ?>
<vehicle type="ADs">
    <annotation>Copyright (C) GIANTS Software GmbH, All Rights Reserved.</annotation>

    <storeData>
        <name>Support-Adapter</name>
        <functions>
            <function>
				<de>Anhängekupplungen und Trägersystem für Unterstützungsgeräte</de> 
				<en>Trailer attachements and carriersystem for support tools</en>
			</function>
        </functions>
		<specs>
            <combination>SynTrac</combination>
        </specs>
        <image>store_AD_Support.dds</image>
        <price>21000</price>
        <lifetime>600</lifetime>
        <rotation>0</rotation>
        <brand>SYNTRAC</brand>
        <category>misc</category>
    </storeData>

    <base>
        <typeDesc>$l10n_typeDesc_trailer</typeDesc>
        <filename>vehicles/AD_Support.i3d</filename>
        <size width="3" length="3" lengthOffset="-0.5"/>
        <components>
            <component centerOfMass="0 0.8 0" solverIterationCount="25" mass="2500" />
        </components>
        <schemaOverlay attacherJointPosition="0 0">
            <default name="DEFAULT_IMPLEMENT"/>
            <selected name="DEFAULT_IMPLEMENT_SELECTED"/>
        </schemaOverlay>
    </base>
    <lights>
        <states>
            <state lightTypes="0" />
            <state lightTypes="0 1" />
            <state lightTypes="0 1 2" />
        </states>
		
		<sharedLight linkNode="L_PosLight_L" node="0" lightTypes="0" filename="parts/Poslights.xml">
		</sharedLight>
		<sharedLight linkNode="L_PosLight_R" node="0" lightTypes="0" filename="parts/Poslights.xml">
		</sharedLight>
		<sharedLight linkNode="Backlight_L" node="0" lightTypes="0" filename="parts/Syntrac_Backlight_L.xml">
		</sharedLight>
		<sharedLight linkNode="Backlight_R" node="0" lightTypes="0" filename="parts/Syntrac_Backlight_R.xml">
		</sharedLight>
		
    </lights>
	
	<attachable>
        <inputAttacherJoints>
			<inputAttacherJoint node="attacherjoint_F" jointType="telehandler" >
				<objectChange node="ref_UI_H" visibilityActive="true"  visibilityInactive="false" translationActive="0.714 1.300 1.124" rotationActive="-20 -80 0"/>
			</inputAttacherJoint>
			<inputAttacherJoint node="attacherjoint_H" jointType="skidSteer" >
				<objectChange node="ref_UI_H" visibilityActive="true"  visibilityInactive="false" translationActive="-0.714 1.300 1.124" translationInactive="-20 80 0" rotationActive="-20 80 0" rotationInactive="-20 80 0" />
			</inputAttacherJoint>
		</inputAttacherJoints>
		<support animationName="moveSupport"/>
    </attachable>
	
	<connectionHoses>
        <target attacherJointIndices="1 2 3" type="electric" node="electric"/>
        <target attacherJointIndices="1 2 3" type="hydraulicIn" node="hydraulicIn01"/>
        <target attacherJointIndices="1 2 3" type="hydraulicOut" node="hydraulicOut01"/>
        <target attacherJointIndices="1 2 3" type="hydraulicIn" node="hydraulicIn02"/>
        <target attacherJointIndices="1 3 3" type="hydraulicOut" node="hydraulicOut02"/>
        <target attacherJointIndices="1 2 3" type="hydraulicIn" node="hydraulicIn03"/>
        <target attacherJointIndices="1 2 3" type="hydraulicOut" node="hydraulicOut03"/>
        <target attacherJointIndices="1 2 3" type="hydraulicIn" node="hydraulicIn04"/>
        <target attacherJointIndices="1 2 3" type="hydraulicOut" node="hydraulicOut04"/>
        <target attacherJointIndices="1 2 3" type="hydraulicIn" node="hydraulicIn05"/>
        <target attacherJointIndices="1 2 3" type="hydraulicOut" node="hydraulicOut05"/>
        <target attacherJointIndices="1 2 3" type="airDoubleRed" node="airDoubleStorage" socket="air_red"/>
        <target attacherJointIndices="1 2 3" type="airDoubleYellow" node="airDoubleControl" socket="air_yellow"/>
    </connectionHoses>
	
	<powerTakeOffs>
        <output attacherJointIndices="2 3" outputNode="ref_PTO" />
    </powerTakeOffs>
    
	<attacherJoints>
		<attacherJointConfigurations>
            <attacherJointConfiguration name="$l10n_configuration_valueDefault" price="0">
				<!-- Plattform -->
				<attacherJoint node="attacherjoint_Support" jointType="skidSteer" visualNode="attacherjoint_Support" allowsJointLimitMovement="false" allowsLowering="false" rotLimitSpring="7500 7500 7500" rotLimitDamping="5 5 5" transLimitSpring="7500 7500 7500" transLimitDamping="5 5 5" >
					<schema position="-1 0.4" rotation="0" invertX="true" />
				</attacherJoint>		
				<!-- trailer attacher -->
				<attacherJoint node="trailerAttacherJoint" jointType="trailer" lowerRotLimit="10 70 50" upperRotRotationOffset="0" allowsJointLimitMovement="false" comboTime="0">
					<distanceToGround lower="0.48" upper="1.12" />
					<!-- <transNode node="trailerAttacherJointTrans" minY="-0.6" maxY="0" /> -->
					<schema position="1 0" rotation="0" invertX="false" />
				</attacherJoint>
				<!-- trailer low -->
				<attacherJoint node="attacherJointLow" jointType="trailerLow" lowerRotLimit="10 70 50" upperRotRotationOffset="0" allowsJointLimitMovement="false" comboTime="0">
					<schema position="1 0" rotation="0" invertX="false" />
					<steeringBars leftNode="steeringLeftRef" rightNode="steeringRightRef" />
				</attacherJoint>
				<objectChange node="trailerAttacherJointTrans" translationActive="0 -0.4 -1.265" translationInactive="0 -0.53 -1.265"/>				
		    
				<!-- Loader-Kombi-Attacher -->
				<objectChange node="AD_Loaders_Base" visibilityActive="false"/>
				<objectChange node="ref_AD_Loaders_Base" translationActive="0 -0.3 -0.8" translationInactive="0 0.185 -1.375"/>			
			</attacherJointConfiguration>
			
            <attacherJointConfiguration name="$l10n_LoaderAttacher" price="1300">
                <!-- Plattform -->
				<attacherJoint node="attacherjoint_Support" jointType="skidSteer" visualNode="attacherjoint_Support" allowsJointLimitMovement="false" allowsLowering="false" rotLimitSpring="7500 7500 7500" rotLimitDamping="5 5 5" transLimitSpring="7500 7500 7500" transLimitDamping="5 5 5" >
					<schema position="-1 0.4" rotation="0" invertX="true" />
				</attacherJoint>	
				<!-- trailer attacher -->
				<attacherJoint node="trailerAttacherJoint" jointType="trailer" lowerRotLimit="10 70 50" upperRotRotationOffset="0" allowsJointLimitMovement="false" comboTime="0">
					<distanceToGround lower="0.48" upper="1.12" />
					<schema position="1 0" rotation="0" invertX="false" />
				</attacherJoint>
				<!-- trailer low -->
				<attacherJoint node="attacherJointLow" jointType="trailerLow" lowerRotLimit="10 70 50" upperRotRotationOffset="0" allowsJointLimitMovement="false" comboTime="0">
					<schema position="1 0" rotation="0" invertX="false" />
					<steeringBars leftNode="steeringLeftRef" rightNode="steeringRightRef" />
				</attacherJoint>
				<objectChange node="trailerAttacherJointTrans" translationActive="0 -0.4 -1.265" translationInactive="0 -0.53 -1.265"/>
				
				<!-- Loader-Kombi-Attacher -->
				<attacherJoint node="attacher_WLoader" visualNode="attacher_WLoader" jointType="wheelLoader" allowsJointLimitMovement="false" allowsLowering="false" rotLimitSpring="7500 7500 7500" rotLimitDamping="5 5 5" transLimitSpring="7500 7500 7500" transLimitDamping="5 5 5" >
					<schema position="-1 0.8" rotation="0" invertX="true" />
				</attacherJoint>
				<attacherJoint node="attacher_TeleLoader" nodeVisual="attacher_TeleLoader" jointType="telehandler" allowsJointLimitMovement="false" allowsLowering="false" rotLimitSpring="7500 7500 7500" rotLimitDamping="5 5 5" transLimitSpring="7500 7500 7500" transLimitDamping="5 5 5" >
					<schema position="-1 0.8" rotation="0" invertX="true" />
				</attacherJoint>
                <objectChange node="AD_Loaders_Base" visibilityActive="true"/>
				<objectChange node="ref_AD_Loaders_Base" translation="0 0.185 -1.375" translationInactive="0 -0.3 -0.8"/>
            </attacherJointConfiguration>
        </attacherJointConfigurations>
		
		<sounds>
            <attach template="ATTACH_01" linkNode="Col_AD_Support" />
            <hydraulic template="DEFAULT_HYDRAULIC_SOUND" linkNode="Col_AD_Support" />
        </sounds>
    </attacherJoints>
	

	<cylindered>
        <movingTools>
			<!-- Support -->         
			<movingTool node="ref_support_F">
				<dependentPart node="Zyl"/>
				<dependentPart node="Pipes_support"/>
			</movingTool>
			<!-- Support Adjust -->
			<movingTool node="ref_Arm1" playSound="true" foldMinLimit="0" foldMaxLimit="0.1">
				<controls axis="AXIS_FRONTLOADER_ARM" invertAxis="false" invertMouseAxis="false" speedFactor="0.7"/>
				<rotation rotSpeed="15" rotAcceleration="300" rotMax="0" rotMin="-85" startRot="-85"/>
				<attacherJoint jointIndices="1 4 5" />
			</movingTool>
			<movingTool node="ref_Arm2" playSound="true" foldMinLimit="0" foldMaxLimit="0.1">
				<controls axis="AXIS_FRONTLOADER_TOOL" invertAxis="false" invertMouseAxis="true" speedFactor="0.7"/>
				<rotation rotSpeed="15" rotAcceleration="300" rotMax="70" rotMin="0" startRot="0"/>
				<attacherJoint jointIndices="1 4 5" />
				<dependentPart node="Zyl1"/>
			</movingTool>
			<movingTool node="ref_Tele" playSound="true" foldMinLimit="0" foldMaxLimit="0.1">
				<controls axis="AXIS_FRONTLOADER_ARM2" invertAxis="true" invertMouseAxis="true" speedFactor="0.7"/>
				<translation transSpeed="0.3" transAcceleration="10" transMax="0.06" transMin="-0.94" startTrans="-0.795" translationAxis="3" />
				<attacherJoint jointIndices="1 4 5" />
			</movingTool>
			
			<movingTool node="ref_Spannbock" foldMinLimit="0" foldMaxLimit="0.1">
				<controls axis="AXIS_FRONTLOADER_TOOL4" invertAxis="false" invertMouseAxis="true" speedFactor="0.7"/>
				<translation transSpeed="0.1" transAcceleration="1" transMax="-0.06" transMin="-0.79" startTrans="-0.3" translationAxis="3" />
				<attacherJoint jointIndices="4 5" />
				<dependentMovingTool node="Zahnstange" speedScale="1"/>
				<dependentMovingTool node="Gewindestange_L" speedScale="1"/>
				<dependentMovingTool node="Gewindestange_R" speedScale="1"/>
				<dependentPart node="ref_AD_Loaders_Plate"/>
				<dependentPart node="ref_AD_Loaders_Link_in"/>
			</movingTool>			
			<movingTool node="Zahnstange">
                <rotation rotSpeed="4315" rotAcceleration="25000" rotMax="31500" rotMin="0" rotationAxis="3"/>
            </movingTool>
			<movingTool node="Gewindestange_L">
                <rotation rotSpeed="4315" rotAcceleration="25000" rotMax="31500" rotMin="0" rotationAxis="3"/>
            </movingTool>
			<movingTool node="Gewindestange_R">
                <rotation rotSpeed="4315" rotAcceleration="25000" rotMax="31500" rotMin="0" rotationAxis="3"/>
            </movingTool>
			
			<!-- Trailer Adjust -->		
			<movingTool node="trailerAttacherJointTrans">
				<controls axis="AXIS_FRONTLOADER_TOOL5" invertAxis="false" invertMouseAxis="false" speedFactor="0.7"/>
				<translation transSpeed="0.1" transAcceleration="60" transMax="0" transMin="-0.6" translationAxis="2" />
				<attacherJoint jointIndices="2" />
			</movingTool>
		</movingTools>
    
		<movingParts>
			<!-- support -->
			<movingPart node="Zyl" referencePoint="ref_supportHydr" referenceFrame="ref_Zyl_L">
				<translatingPart node="Kolben"/>
			</movingPart>
			
			<!-- Support Hydraulic -->
			<movingPart node="Zyl1" referencePoint="RP_Piston1" referenceFrame="ref_Zyl1">
				<translatingPart node="Piston1"/>
			</movingPart>
			
			<!-- Pipesys -->
			<movingPart node="B_Pipes_support_1"   referenceFrame="RPB_Pipes_start" moveToReferenceFrame="true"/>
			<movingPart node="B_Pipes_support_2"   referenceFrame="RPB_Pipes_2" moveToReferenceFrame="true" isActiveDirty="true"/>
			<movingPart node="B_Pipes_Arm1_0"   referenceFrame="RPB_Pipes_start" moveToReferenceFrame="true"/>
			<movingPart node="B_Pipes_Arm1_1"   referenceFrame="RPB_Pipes_Arm1_1" moveToReferenceFrame="true" isActiveDirty="true"/>
			<movingPart node="B_Pipes_main_0"   referenceFrame="RPB_Pipes_start" moveToReferenceFrame="true"/>
			<movingPart node="B_Pipes_main_1"   referenceFrame="RPB_Pipes_Main_1" moveToReferenceFrame="true" isActiveDirty="true"/>
			<movingPart node="B_Pipes_main_2"   referenceFrame="RPB_Pipes_Main_2" moveToReferenceFrame="true" isActiveDirty="true"/>
			
			<!-- FrontloaderPlate -->
			<movingPart node="ref_AD_Loaders_Plate" referencePoint="ref_AD_Loaders_Link" localReferencePoint="ref_AD_Loaders_Link_in" referenceFrame="ref_AD_Loaders_Base" playSound="false" >
            </movingPart>
            <movingPart node="ref_AD_Loaders_Link_in" referencePoint="ref_AD_Loaders_Link" referenceFrame="ref_AD_Loaders_Link"/>
		
		</movingParts>
		
		<sounds>
            <hydraulic template="DEFAULT_HYDRAULIC_SOUND" linkNode="Col_AD_Support"/>
        </sounds>
		
    </cylindered>

	
    <foldable>
        <foldingParts startMoveDirection="0">
            <foldingPart animationName="folding" speedScale="1" />
        </foldingParts>
    </foldable>
	
	<animations>
        <animation name="moveSupport">
            <part node="ref_support_F" startTime="0" endTime="3" startRot="0 0 0" endRot="35 0 0" />
			<part node="ref_UI" startTime="0" endTime="2.9" visibility="true"/>
			<part node="ref_UI" startTime="2.91" endTime="3" visibility="false"/>
        </animation>
		<animation name="folding">
			<part node="UI_text_inactive" startTime="0" endTime="0.1" visibility="false"/>
			<part node="UI_text_active" startTime="0" endTime="0.1" visibility="true"/>
			<part node="UI_text_inactive" startTime="0.1" endTime="0.2" visibility="true"/>
			<part node="UI_text_active" startTime="0.1" endTime="0.2" visibility="false"/>
        </animation>
    </animations>
	
	<tensionBelts>
        <tensionBeltsConfigurations>
            <tensionBeltsConfiguration>
                <tensionBelts linkNode="tensionBelts" jointNode="Col_AD_Support" width="0.075" maxEdgeLength="0.1" geometryBias="0.01" ratchetPosition="0.2" defaultOffset="0.1" defaultOffsetSide="0.1" defaultHeight="2" activationTrigger="beltActivationTrigger">
                    <tensionBelt startNode="startPoint01" endNode="startPoint01End" offsetLeft="0.3" />
                    <tensionBelt startNode="startPoint02" endNode="startPoint02End" />
                    <tensionBelt startNode="startPoint03" endNode="startPoint03End" />
                    <tensionBelt startNode="startPoint04" endNode="startPoint04End" />
                    <tensionBelt startNode="startPoint05" endNode="startPoint05End" offsetRight="0.3" />
                </tensionBelts>
            </tensionBeltsConfiguration>
        </tensionBeltsConfigurations>
    </tensionBelts>
	
	<designConfigurations>
        <designConfiguration name="$l10n_None" price="0">
			<objectChange node="Konfi_Fender" visibilityActive="false"/>
			<objectChange node="lights" visibilityActive="false"/>
        </designConfiguration>
		<designConfiguration name="$l10n_PanelFender" price="2300">
			<objectChange node="Konfi_Fender" visibilityActive="true"/>
			<objectChange node="lights" visibilityActive="true"/>
        </designConfiguration>
    </designConfigurations>

    <baseMaterial>
        <material name="decal_AD_Sup" baseNode="Main">
            <shaderParameter name="colorMat0" value="0.050 0.050 0.070 16"/>
			<shaderParameter name="colorMat1" value="1 1 1 8"/>
			<shaderParameter name="colorMat2" value="1.000 0.050 0.025 16"/>
			<shaderParameter name="colorMat3" value="1.000 0.050 0.025 1"/>
			<shaderParameter name="colorMat4" value="0.040 0.040 0.040 16"/>
			<shaderParameter name="colorMat5" value="0.090 0.090 0.090 16"/>
			<shaderParameter name="colorMat6" value="0.050 0.050 0.070 16"/>
			<shaderParameter name="colorMat7" value="0.10 1.00 1.00 1.0"/>
        </material>
		<material name="decal_AD_Sup" baseNode="Fender">
            <shaderParameter name="colorMat0" value="0.050 0.050 0.070 16"/>
			<shaderParameter name="colorMat1" value="1 1 1 8"/>
			<shaderParameter name="colorMat2" value="1.000 0.050 0.025 16"/>
			<shaderParameter name="colorMat3" value="1.000 0.050 0.025 1"/>
			<shaderParameter name="colorMat4" value="0.040 0.040 0.040 16"/>
			<shaderParameter name="colorMat5" value="0.090 0.090 0.090 16"/>
			<shaderParameter name="colorMat6" value="0.050 0.050 0.070 16"/>
			<shaderParameter name="colorMat7" value="0.10 1.00 1.00 1.0"/>
        </material>
		<material name="decal_AD_Sup_A" baseNode="Main_A">
            <shaderParameter name="colorMat0" value="0.050 0.050 0.070 16"/>
			<shaderParameter name="colorMat1" value="1 1 1 8"/>
			<shaderParameter name="colorMat2" value="1.000 0.050 0.025 16"/>
			<shaderParameter name="colorMat3" value="1.000 0.050 0.025 1"/>
			<shaderParameter name="colorMat4" value="0.040 0.040 0.040 16"/>
			<shaderParameter name="colorMat5" value="0.090 0.090 0.090 16"/>
			<shaderParameter name="colorMat6" value="0.050 0.050 0.070 16"/>
			<shaderParameter name="colorMat7" value="0.10 1.00 1.00 1.0"/>
        </material>
		<material name="decal_AD_SupPlate" baseNode="AD_Loaders_Base">
            <shaderParameter name="colorMat0" value="0.050 0.050 0.070 16"/>
			<shaderParameter name="colorMat1" value="1 1 1 8"/>
			<shaderParameter name="colorMat2" value="1.000 0.050 0.025 16"/>
			<shaderParameter name="colorMat3" value="1.000 0.050 0.025 1"/>
			<shaderParameter name="colorMat4" value="0.040 0.040 0.040 16"/>
			<shaderParameter name="colorMat5" value="0.090 0.090 0.090 16"/>
			<shaderParameter name="colorMat6" value="0.050 0.050 0.070 16"/>
			<shaderParameter name="colorMat7" value="0.10 1.00 1.00 1.0"/>
        </material>
    </baseMaterial>
	<!-- P1 dark -->
	<baseMaterialConfigurations price="1500" useDefaultColors="false" defaultColorIndex="0">
        <baseMaterialConfiguration color="1.000 0.050 0.025"/> <!-- red -->
		<baseMaterialConfiguration color="0.050 0.050 0.070"/> <!-- dark -->
		<baseMaterialConfiguration color="1.000 0.250 0.000"/> <!-- orange -->
		<material name="decal_AD_Sup" shaderParameter="colorMat2" />
		<material name="decal_AD_Sup" shaderParameter="colorMat3" />
		<material name="decal_AD_SupPlate" shaderParameter="colorMat2" />
    </baseMaterialConfigurations>
	<!-- P2 red -->
	<designMaterialConfigurations price="200" useDefaultColors="false" defaultColorIndex="0">
		<designMaterialConfiguration color="0.050 0.050 0.070"/> <!-- dark -->
		<designMaterialConfiguration color="1.000 0.050 0.025"/> <!-- red -->
		<designMaterialConfiguration color="1.000 0.250 0.000"/> <!-- orange -->
		<material name="decal_AD_Sup_A" shaderParameter="colorMat6" />
	</designMaterialConfigurations>
	
	<foliageBending>
        <bendingNode minX="-0.4" maxX="0.4" minZ="-0.4" maxZ="0.9" yOffset="0.5" />
    </foliageBending>

    <wearable wearDuration="480" workMultiplier="5" fieldMultiplier="2"/>
    <washable dirtDuration="90" washDuration="1" workMultiplier="3" fieldMultiplier="2"/>
	
	<dynamicallyLoadedParts>
		<dynamicallyLoadedPart node="0" linkNode="LP_Monitor_H" filename="parts/Monitor1x.i3d" />
	</dynamicallyLoadedParts>

    <i3dMappings>
        <i3dMapping id="Col_AD_Support" node="0>" />
        <i3dMapping id="attacherjoint_F" node="0>0|0" />
        <i3dMapping id="attacherjoint_H" node="0>0|1" />
        <i3dMapping id="ref_support_F" node="0>0|2" />
        <i3dMapping id="ref_supportHydr" node="0>0|2|0" />
        <i3dMapping id="ref_Zyl_L" node="0>0|3" />
        <i3dMapping id="Zyl" node="0>0|3|0" />
        <i3dMapping id="Kolben" node="0>0|3|0|0" />
        <i3dMapping id="RPB_Pipes_2" node="0>0|3|0|1" />
        <i3dMapping id="ref_PTO" node="0>1|0" />
        <i3dMapping id="trailerAttacherJointTrans" node="0>1|1" />
        <i3dMapping id="trailerAttacherJoint" node="0>1|1|0" />
        <i3dMapping id="attacherJointLow" node="0>1|2|0" />
        <i3dMapping id="steeringLeftRef" node="0>1|2|1" />
        <i3dMapping id="steeringRightRef" node="0>1|2|2" />
        <i3dMapping id="hydraulicIn01" node="0>1|3|0" />
        <i3dMapping id="hydraulicOut01" node="0>1|3|1" />
        <i3dMapping id="hydraulicIn02" node="0>1|3|2" />
        <i3dMapping id="hydraulicOut02" node="0>1|3|3" />
        <i3dMapping id="hydraulicIn03" node="0>1|3|4" />
        <i3dMapping id="hydraulicOut03" node="0>1|3|5" />
        <i3dMapping id="hydraulicIn04" node="0>1|3|6" />
        <i3dMapping id="hydraulicOut04" node="0>1|3|7" />
        <i3dMapping id="hydraulicIn05" node="0>1|3|8" />
        <i3dMapping id="hydraulicOut05" node="0>1|3|9" />
        <i3dMapping id="airDoubleStorage" node="0>1|3|10" />
        <i3dMapping id="airDoubleControl" node="0>1|3|11" />
        <i3dMapping id="electric" node="0>1|3|12" />
        <i3dMapping id="ref_UI" node="0>2" />
        <i3dMapping id="ref_UI_F" node="0>2|0" />
        <i3dMapping id="LP_Monitor_F" node="0>2|0|0" />
        <i3dMapping id="ref_UI_H" node="0>2|1" />
        <i3dMapping id="LP_Monitor_H" node="0>2|1|0" />
        <i3dMapping id="ref_Disp_ADsupport" node="0>2|1|1" />
        <i3dMapping id="UI_text_inactive" node="0>2|1|1|0" />
        <i3dMapping id="UI_text_active" node="0>2|1|1|1" />
        <i3dMapping id="ref_Arm1" node="0>3" />
        <i3dMapping id="ref_Arm2" node="0>3|0" />
        <i3dMapping id="ref_Tele" node="0>3|0|0" />
        <i3dMapping id="attacherjoint_Support" node="0>3|0|0|0" />
        <i3dMapping id="ref_Spannbock" node="0>3|0|0|1" />
        <i3dMapping id="ref_AD_Loaders_Bock" node="0>3|0|0|1|0" />
        <i3dMapping id="ref_AD_Loaders_Link" node="0>3|0|0|1|0|0" />
        <i3dMapping id="tensionBelts" node="0>3|0|0|2" />
        <i3dMapping id="startPoint01" node="0>3|0|0|2|0" />
        <i3dMapping id="startPoint01End" node="0>3|0|0|2|0|0" />
        <i3dMapping id="startPoint02" node="0>3|0|0|2|1" />
        <i3dMapping id="startPoint02End" node="0>3|0|0|2|1|0" />
        <i3dMapping id="startPoint03" node="0>3|0|0|2|2" />
        <i3dMapping id="startPoint03End" node="0>3|0|0|2|2|0" />
        <i3dMapping id="startPoint04" node="0>3|0|0|2|3" />
        <i3dMapping id="startPoint04End" node="0>3|0|0|2|3|0" />
        <i3dMapping id="startPoint05" node="0>3|0|0|2|4" />
        <i3dMapping id="startPoint05End" node="0>3|0|0|2|4|0" />
        <i3dMapping id="beltActivationTrigger" node="0>3|0|0|2|5" />
        <i3dMapping id="ref_AD_Loaders_Base" node="0>3|0|0|3" />
        <i3dMapping id="ref_AD_Loaders_Plate" node="0>3|0|0|3|0" />
        <i3dMapping id="ref_AD_Loaders_Link_in" node="0>3|0|0|3|0|0" />
        <i3dMapping id="attacher_WLoader" node="0>3|0|0|3|0|1" />
        <i3dMapping id="attacher_TeleLoader" node="0>3|0|0|3|0|2" />
        <i3dMapping id="AD_Loaders_Base" node="0>3|0|0|3|1" />
        <i3dMapping id="Gewindestange_L" node="0>3|0|0|4" />
        <i3dMapping id="Gewindestange_R" node="0>3|0|0|5" />
        <i3dMapping id="Zahnstange" node="0>3|0|0|6" />
        <i3dMapping id="Col_Telearm_A" node="0>3|0|0|9" />
        <i3dMapping id="RP_Piston1" node="0>3|0|1" />
        <i3dMapping id="RPB_Pipes_Main_2" node="0>3|0|2" />
        <i3dMapping id="ref_Zyl1" node="0>3|1" />
        <i3dMapping id="Zyl1" node="0>3|1|0" />
        <i3dMapping id="Piston1" node="0>3|1|0|0" />
        <i3dMapping id="RPB_Pipes_Arm1_1" node="0>3|1|0|1" />
        <i3dMapping id="RPB_Pipes_Main_1" node="0>3|2" />
        <i3dMapping id="Pipes_main" node="0>4|0|0" />
        <i3dMapping id="B_Pipes_main_0" node="0>4|0|1" />
        <i3dMapping id="B_Pipes_main_1" node="0>4|0|1|0" />
        <i3dMapping id="B_Pipes_main_2" node="0>4|0|1|0|0" />
        <i3dMapping id="B_Pipes_Arm1_0" node="0>4|1|0" />
        <i3dMapping id="B_Pipes_Arm1_1" node="0>4|1|0|0" />
        <i3dMapping id="Pipes_Arm1" node="0>4|1|1" />
        <i3dMapping id="B_Pipes_support_1" node="0>4|2|0" />
        <i3dMapping id="B_Pipes_support_2" node="0>4|2|0|0" />
        <i3dMapping id="Pipes_support" node="0>4|2|1" />
        <i3dMapping id="RPB_Pipes_start" node="0>4|3" />
        <i3dMapping id="lights" node="0>5" />
        <i3dMapping id="Backlight_L" node="0>5|0" />
        <i3dMapping id="Backlight_R" node="0>5|1" />
        <i3dMapping id="L_PosLight_L" node="0>5|2" />
        <i3dMapping id="L_PosLight_R" node="0>5|3" />
        <i3dMapping id="Konfi_Fender" node="0>6|0" />
        <i3dMapping id="Fender" node="0>6|0|0" />
        <i3dMapping id="Main" node="0>6|1" />
        <i3dMapping id="Main_A" node="0>6|3" />
    </i3dMappings>
</vehicle>
