﻿<?xml version="1.0" encoding="utf-8" standalone="no" ?>
<vehicle type="ADs">
    <annotation>Copyright (C) GIANTS Software GmbH, All Rights Reserved.</annotation>

    <storeData>
        <name>Standardadapter</name>
        <functions>
            <function>
				<de>Standard Traktor Kopplungen</de> 
				<en>Standard tractor attachements</en>
			</function>
        </functions>
		<specs>
            <combination>SynTrac</combination>
        </specs>
        <image>store_AD_Standard.dds</image>
        <price>18000</price>
        <lifetime>600</lifetime>
        <rotation>0</rotation>
        <brand>SYNTRAC</brand>
        <category>misc</category>
    </storeData>

    <base>
        <typeDesc>$l10n_typeDesc_trailer</typeDesc>
        <filename>vehicles/AD_Standard.i3d</filename>
        <size width="3" length="3" lengthOffset="-0.5"/>
        <components>
            <component centerOfMass="0 0.8 0" solverIterationCount="25" mass="1100" />
        </components>
        <schemaOverlay attacherJointPosition="0 0">
            <default name="DEFAULT_IMPLEMENT"/>
            <selected name="DEFAULT_IMPLEMENT_SELECTED"/>
        </schemaOverlay>
    </base>
    <lights>
        <states>
            <state lightTypes="0" />
            <state lightTypes="0 1" />
            <state lightTypes="0 1 2" />
        </states>
		
		<sharedLight linkNode="L_PosLight_L" node="0" lightTypes="0" filename="parts/Poslights.xml">
		</sharedLight>
		<sharedLight linkNode="L_PosLight_R" node="0" lightTypes="0" filename="parts/Poslights.xml">
		</sharedLight>
		<sharedLight linkNode="L_Switchlight_Lw" node="0" lightTypes="0" filename="parts/Switchlight_white.xml">
		</sharedLight>
		<sharedLight linkNode="L_Switchlight_Rw" node="0" lightTypes="0" filename="parts/Switchlight_white.xml">
		</sharedLight>
		<sharedLight linkNode="L_Switchlight_Lr" node="0" lightTypes="0" filename="parts/Switchlight_red.xml">
		</sharedLight>
		<sharedLight linkNode="L_Switchlight_Rr" node="0" lightTypes="0" filename="parts/Switchlight_red.xml">
		</sharedLight>
		
    </lights>
	
	<attachable>
		<inputAttacherJoints>
			<inputAttacherJoint node="attacherjoint_F" jointType="telehandler" >
				<objectChange node="Switchlight_Lr" visibilityActive="false" visibilityInactive="false" />
				<objectChange node="Switchlight_Rr" visibilityActive="false" visibilityInactive="false" />
				<objectChange node="Switchlight_Lw" visibilityActive="true" visibilityInactive="true" />
				<objectChange node="Switchlight_Rw" visibilityActive="true" visibilityInactive="true" />
				<objectChange node="ref_UI_H" visibilityActive="true"  visibilityInactive="false" translationActive="0.714 1.300 1.124" rotationActive="-20 -80 0"/>
			</inputAttacherJoint>
			<inputAttacherJoint node="attacherjoint_H" jointType="skidSteer" hardAttach="true" >
				<objectChange node="Switchlight_Lr" visibilityActive="true" visibilityInactive="false" />
				<objectChange node="Switchlight_Rr" visibilityActive="true" visibilityInactive="false" />
				<objectChange node="Switchlight_Lw" visibilityActive="false" visibilityInactive="true" />
				<objectChange node="Switchlight_Rw" visibilityActive="false" visibilityInactive="true" />
				<objectChange node="ref_UI_H" visibilityActive="true"  visibilityInactive="false" translationActive="-0.714 1.300 1.124" translationInactive="-20 80 0" rotationActive="-20 80 0" rotationInactive="-20 80 0" />
			</inputAttacherJoint>
		</inputAttacherJoints>		
		<support animationName="moveSupport"/>
    </attachable>
	
	<connectionHoses>
        <target attacherJointIndices="1 2 3" type="TOOL_CONNECTOR_TOP_RIGHT" node="Airpipe_Big_end">
			<objectChange node="AirPipe_1x13cm" visibilityActive="true" visibilityInactive="false"/>
		</target>
		<target attacherJointIndices="1 2 3" type="TOOL_CONNECTOR_BOTTOM_01" node="Airpipe_1_end">
			<objectChange node="AirPipe_4x8cm" visibilityActive="true" visibilityInactive="false"/>
		</target>
		<target attacherJointIndices="1 2 3" type="TOOL_CONNECTOR_BOTTOM_02" node="Airpipe_2_end"/>
		<target attacherJointIndices="1 2 3" type="TOOL_CONNECTOR_BOTTOM_03" node="Airpipe_3_end"/>
		<target attacherJointIndices="1 2 3" type="TOOL_CONNECTOR_BOTTOM_04" node="Airpipe_4_end"/>
		<target attacherJointIndices="1 2 3" type="electric" node="electric"/>
        <target attacherJointIndices="1 2 3" type="hydraulicIn" node="hydraulicIn01"/>
        <target attacherJointIndices="1 2 3" type="hydraulicOut" node="hydraulicOut01"/>
        <target attacherJointIndices="1 2 3" type="hydraulicIn" node="hydraulicIn02"/>
        <target attacherJointIndices="1 3 3" type="hydraulicOut" node="hydraulicOut02"/>
        <target attacherJointIndices="1 2 3" type="hydraulicIn" node="hydraulicIn03"/>
        <target attacherJointIndices="1 2 3" type="hydraulicOut" node="hydraulicOut03"/>
        <target attacherJointIndices="1 2 3" type="hydraulicIn" node="hydraulicIn04"/>
        <target attacherJointIndices="1 2 3" type="hydraulicOut" node="hydraulicOut04"/>
        <target attacherJointIndices="1 2 3" type="hydraulicIn" node="hydraulicIn05"/>
        <target attacherJointIndices="1 2 3" type="hydraulicOut" node="hydraulicOut05"/>
        <target attacherJointIndices="1 2 3" type="airDoubleRed" node="airDoubleStorage" socket="air_red"/>
        <target attacherJointIndices="1 2 3" type="airDoubleYellow" node="airDoubleControl" socket="air_yellow"/>
    </connectionHoses>
	
	<powerTakeOffs>
		<output attacherJointIndices="1 2 3" outputNode="ref_PTO" >
			<objectChange node="PTO_on" visibilityActive="true" visibilityInactive="false" />
		</output>
    </powerTakeOffs>
    
	<attacherJoints>
        <!-- 3 Point -->
		<attacherJoint node="attacherjoint_3P" aiAllowTurnBackward="true" moveTime="2.5" comboTime="0">
            <distanceToGround lower="0.31" upper="1.02" />
            <rotationNode node="RP_rot1" lowerRotation="-35 0 0" upperRotation="0 0 0" />
            <rotationNode2 node="RP_rot2"/>
            <bottomArm rotationNode="ref_bottom_rot" translationNode="ref_bottom_trans" referenceNode="ref_attacherjoint_3P" zScale="-1" startRotation="0 0 0" />
            <topArm baseNode="topreferencenode" filename="parts/Upperlink_S.i3d" zScale="-1" color="SHARED_BLACK1" toggleVisibility="true"/>
            <schema position="1 0" rotation="0" invertX="false" />
        </attacherJoint>
		
		
        <!-- trailer attacher -->
		<attacherJoint node="trailerAttacherJoint" jointType="trailer" lowerRotLimit="10 70 50" upperRotRotationOffset="0" allowsJointLimitMovement="false" comboTime="0">
            <distanceToGround lower="0.48" upper="1.12" />
            <!-- <transNode node="trailerAttacherJointTrans" minY="-0.6" maxY="0" /> -->
            <schema position="1 0" rotation="0" invertX="false" />
        </attacherJoint>
		<!-- trailer low -->
		<attacherJoint node="attacherJointLow" jointType="trailerLow" lowerRotLimit="10 70 50" upperRotRotationOffset="0" allowsJointLimitMovement="false" comboTime="0">
            <schema position="1 0" rotation="0" invertX="false" />
            <steeringBars leftNode="steeringLeftRef" rightNode="steeringRightRef" />
        </attacherJoint>
		<objectChange node="trailerAttacherJointTrans" translationActive="0 -0.4 -1.265" translationInactive="0 -0.53 -1.265"/>
		<sounds>
            <attach template="ATTACH_01" linkNode="Col_AD_Standard" />
            <hydraulic template="DEFAULT_HYDRAULIC_SOUND" linkNode="Col_AD_Standard" />
        </sounds>
    </attacherJoints>
	
	<fillUnit>
        <fillUnitConfigurations>
            <fillUnitConfiguration name="$l10n_Cover" price="800" >
                <fillUnits>                    
					<fillUnit unit="$l10n_unit_literShort" showOnHud="false" showInShop="false" fillTypes="air" capacity="10">
					</fillUnit>
                </fillUnits>
				<objectChange node="ref_1x13cm" visibilityActive="false"/>
				<objectChange node="ref_4x8cm" visibilityActive="false"/>
				<objectChange node="Confi_Cover" visibilityActive="true"/>
				<objectChange node="Confi_CargoSupport" visibilityActive="false"/>
            </fillUnitConfiguration>
			<fillUnitConfiguration name="$l10n_CargoSupport" price="1500" >
                <fillUnits>
					<fillUnit unit="$l10n_unit_literShort" showOnHud="false" showInShop="false" fillTypes="air" capacity="10">
					</fillUnit>
                </fillUnits>
				<objectChange node="ref_1x13cm" visibilityActive="true"/>
				<objectChange node="ref_4x8cm" visibilityActive="true"/>
				<objectChange node="Confi_Cover" visibilityActive="false"/>
				<objectChange node="Confi_CargoSupport" visibilityActive="true"/>
            </fillUnitConfiguration>
        </fillUnitConfigurations>
    </fillUnit>
	

	<cylindered>
        <movingTools>
			<!-- Support -->         
			<movingTool node="ref_support_F">
				<dependentPart node="Zyl"/>
				<dependentPart node="Pipes_support"/>
			</movingTool>
			<!-- 3P Adjust -->		
			<movingTool node="ref_bottom_rot"> <!-- attacher joint back bottom-->
				<dependentPart node="ref_lifter"/>
				<dependentPart node="LiftZyl_L"/>
				<dependentPart node="LiftZyl_R"/>
				<dependentAnimation name="UI_Lowering" rotationAxis="1" minValue="-35" maxValue="0" invert="false"/>
			</movingTool>
			<movingTool node="RP_adjust_rot1">
				<controls axis="AXIS_FRONTLOADER_ARM" invertAxis="false" invertMouseAxis="false" speedFactor="0.7"/>
				<rotation rotSpeed="25" rotAcceleration="300" rotMax="45" rotMin="-25" startRot="-22"/>
				<attacherJoint jointIndices="1" />
				<dependentMovingTool node="RP_para_rot1" speedScale="-1"/>
				<dependentAnimation name="UI_Arm1" rotationAxis="1" minValue="-25" maxValue="45" invert="false"/>
				<dependentPart node="ref_lifter"/>
				<dependentPart node="LiftZyl_L"/>
				<dependentPart node="LiftZyl_R"/>
			</movingTool>
			<movingTool node="RP_para_rot1">
                <rotation rotSpeed="25" rotAcceleration="300" rotMax="25" rotMin="-45" startRot="22"/>
            </movingTool>
			
			<movingTool node="RP_adjust_rot2">
				<controls axis="AXIS_FRONTLOADER_TOOL" invertAxis="false" invertMouseAxis="true" speedFactor="0.7"/>
				<rotation rotSpeed="25" rotAcceleration="300" rotMax="25" rotMin="-25" startRot="0"/>
				<attacherJoint jointIndices="1" />
				<dependentMovingTool node="UI_3P_Arm2" speedScale="1"/>
			</movingTool>
			<!-- Trailer Adjust -->		
			<movingTool node="trailerAttacherJointTrans">
				<controls axis="AXIS_FRONTLOADER_TOOL5" invertAxis="false" invertMouseAxis="false" speedFactor="0.7"/>
				<translation transSpeed="0.1" transAcceleration="60" transMax="0" transMin="-0.6" translationAxis="2" />
				<attacherJoint jointIndices="2" />
			</movingTool>
			<!-- UI -->		
			<movingTool node="UI_3P_Arm2">
                <rotation rotSpeed="25" rotAcceleration="300" rotMax="25" rotMin="-25" startRot="0"/>
            </movingTool>
			<movingTool node="UI_3P_up">
                <rotation rotSpeed="25" rotAcceleration="300" rotMax="0" rotMin="-60" />
            </movingTool>
			
		</movingTools>
    
		<movingParts>
			<!-- support -->
			<movingPart node="Zyl" referencePoint="ref_supportHydr" referenceFrame="ref_Zyl_L">
				<translatingPart node="Kolben"/>
			</movingPart>
			<movingPart node="B_Pipe_1"   referenceFrame="RPB_Pipes_1" moveToReferenceFrame="true"/>
			<movingPart node="B_Pipe_2"   referenceFrame="RPB_Pipes_2" moveToReferenceFrame="true" isActiveDirty="true"/>
			<!-- 3P -->
			<movingPart node="ref_lifter" referencePoint="ref_ArmZyl_L" localReferencePoint="LiftZyl_L" referenceFrame="ref_bottom_rot" >
				<dependentPart node="LiftZyl_L" />
				<dependentPart node="LiftZyl_R" />
			</movingPart>
			<movingPart node="LiftZyl_L" referencePoint="ref_ArmZyl_L" referenceFrame="ref_ArmZyl_L">
			</movingPart>
			<movingPart node="LiftZyl_R" referencePoint="ref_ArmZyl_R" referenceFrame="ref_ArmZyl_R">
			</movingPart>
		</movingParts>
		
		<sounds>
            <hydraulic template="DEFAULT_HYDRAULIC_SOUND" linkNode="Col_AD_Standard"/>
        </sounds>
		
    </cylindered>

	
    <foldable>
        <foldingParts startMoveDirection="1" turnOnFoldMaxLimit="0.125" turnOnFoldMinLimit="0.0">
            <foldingPart animationName="folding" speedScale="1" />
        </foldingParts>
    </foldable>
	
	<animations>
	
        <animation name="moveSupport">
            <part node="ref_support_F" startTime="0" endTime="3" startRot="0 0 0" endRot="35 0 0" />
			<part node="Col_support_H" startTime="0" endTime="1" startTrans="0 0 0" endTrans="0 -0.045 -0.948"/>
			<part node="Col_support_H" startTime="1" endTime="3" startTrans="0 -0.045 -0.948" endTrans="0 -0.045 -0.948"/>
			<part node="ref_UI" startTime="0" endTime="2.9" visibility="true"/>
			<part node="ref_UI" startTime="2.91" endTime="3" visibility="false"/>
        </animation>
		<animation name="folding">
			<part node="ref_Disp_3P" startTime="0" endTime="0.1" visibility="true"/>
			<part node="ref_Disp_3P" startTime="0.1" endTime="0.2" visibility="false"/>
        </animation>
		
		<animation name="UI_Arm1">
            <part node="ref_UI_3P_Arm1" startTime="0" endTime="1" startTrans="0 -0.065 0" endTrans="0 0.065 0" />
        </animation>
		<animation name="UI_Lowering">
            <part node="UI_3P_up" startTime="0" endTime="0.8" visibility="false" />
			<part node="UI_3P_up" startTime="0.8" endTime="1" visibility="true" />
			<part node="UI_3P_down" startTime="0" endTime="0.8" visibility="true" />
			<part node="UI_3P_down" startTime="0.8" endTime="1" visibility="false" />
			<part node="UI_3P_Arm1_up" startTime="0" endTime="0.8" visibility="false" />
			<part node="UI_3P_Arm1_up" startTime="0.8" endTime="1" visibility="true" />
			<part node="UI_3P_Arm1_down" startTime="0" endTime="0.8" visibility="true" />
			<part node="UI_3P_Arm1_down" startTime="0.8" endTime="1" visibility="false" />
			<part node="UI_3P_Arm1_down" startTime="0" endTime="1" startTrans="0 -0.030 0" endTrans="0 0 0" />
        </animation>
		
    </animations>
	
	<designConfigurations>
        <designConfiguration name="$l10n_None" price="0">
            <objectChange node="Konfi_UI" visibilityActive="false"/>
			<objectChange node="Konfi_Fender" visibilityActive="false"/>
			<objectChange node="lights" visibilityActive="false"/>
        </designConfiguration>
        <designConfiguration name="$l10n_Panel" price="1600">
            <objectChange node="Konfi_UI" visibilityActive="true"/>
			<objectChange node="Konfi_Fender" visibilityActive="false"/>
			<objectChange node="lights" visibilityActive="true"/>
        </designConfiguration>
		<designConfiguration name="$l10n_PanelFender" price="2300">
            <objectChange node="Konfi_UI" visibilityActive="false"/>
			<objectChange node="Konfi_Fender" visibilityActive="true"/>
			<objectChange node="lights" visibilityActive="true"/>
        </designConfiguration>
    </designConfigurations>

    <baseMaterial>
        <material name="decal_AD_mat_color" baseNode="decals_color">
            <shaderParameter name="colorMat0" value="0.050 0.050 0.070 16"/>
			<shaderParameter name="colorMat1" value="1 1 1 8"/>
			<shaderParameter name="colorMat2" value="0.050 0.050 0.070 1"/>
			<shaderParameter name="colorMat3" value="1.000 0.050 0.025 1"/>
			<shaderParameter name="colorMat4" value="1.00 1.00 0.10 1.0"/>
			<shaderParameter name="colorMat5" value="0.05 0.05 0.05 1.0"/>
			<shaderParameter name="colorMat6" value="1.00 0.10 1.00 1.0"/>
			<shaderParameter name="colorMat7" value="0.10 1.00 1.00 1.0"/>
        </material>
		<material name="decal_CargoSup_color" baseNode="Cargosupport">
            <shaderParameter name="colorMat0" value="0.050 0.050 0.070 16"/>
			<shaderParameter name="colorMat1" value="1 1 1 8"/>
			<shaderParameter name="colorMat2" value="1.000 0.050 0.025 16"/>
			<shaderParameter name="colorMat3" value="0.050 0.050 0.070 1"/>
			<shaderParameter name="colorMat4" value="1.000 0.050 0.025 1"/>
			<shaderParameter name="colorMat5" value="0.8 0.8 0.8 1"/>
			<shaderParameter name="colorMat6" value="0.8 0.8 0.8 8"/>
			<shaderParameter name="colorMat7" value="1.000 0.050 0.025 8"/>
        </material>		
    </baseMaterial>
	<!-- P1 red -->
	<baseMaterialConfigurations price="800" useDefaultColors="false" defaultColorIndex="0">
        <baseMaterialConfiguration color="1.000 0.050 0.025"/> <!-- red -->
		<baseMaterialConfiguration color="0.050 0.050 0.070"/> <!-- dark -->
		<baseMaterialConfiguration color="1.000 0.250 0.000"/> <!-- orange -->
		<material name="decal_AD_mat_color" shaderParameter="colorMat2" />
		<material name="decal_AD_mat_color" shaderParameter="colorMat3" />
		<material name="decal_CargoSup_color" shaderParameter="colorMat2" />
		<material name="decal_CargoSup_color" shaderParameter="colorMat4" />
    </baseMaterialConfigurations>
	<!-- P2 dark -->
	<designMaterialConfigurations price="2000" useDefaultColors="false" defaultColorIndex="0">
		<designMaterialConfiguration color="0.050 0.050 0.070"/> <!-- dark -->
		<designMaterialConfiguration color="1.000 0.050 0.025"/> <!-- red -->
		<designMaterialConfiguration color="1.000 0.250 0.000"/> <!-- orange -->
		<material name="decal_AD_mat_color" shaderParameter="colorMat4" />
		<material name="decal_CargoSup_color" shaderParameter="colorMat0" />
		<material name="decal_CargoSup_color" shaderParameter="colorMat3" />
	</designMaterialConfigurations>
	
	<foliageBending>
        <bendingNode minX="-0.4" maxX="0.4" minZ="-0.4" maxZ="0.9" yOffset="0.5" />
    </foliageBending>

    <wearable wearDuration="480" workMultiplier="5" fieldMultiplier="2"/>
    <washable dirtDuration="90" washDuration="1" workMultiplier="3" fieldMultiplier="2"/>

    <dynamicallyLoadedParts>
		<dynamicallyLoadedPart node="0" linkNode="LP_Monitor_H" filename="parts/Monitor1x.i3d" />
	</dynamicallyLoadedParts>
	
    <i3dMappings>
        <i3dMapping id="Col_AD_Standard" node="0>" />
        <i3dMapping id="attacherjoint_F" node="0>0|0" />
        <i3dMapping id="attacherjoint_H" node="0>0|1" />
        <i3dMapping id="ref_support_F" node="0>0|2" />
        <i3dMapping id="ref_supportHydr" node="0>0|2|0" />
        <i3dMapping id="Col_Support_F" node="0>0|2|2" />
        <i3dMapping id="ref_Zyl_L" node="0>0|3" />
        <i3dMapping id="Zyl" node="0>0|3|0" />
        <i3dMapping id="Kolben" node="0>0|3|0|0" />
        <i3dMapping id="RPB_Pipes_2" node="0>0|3|0|1" />
        <i3dMapping id="Pipes_support" node="0>0|4|0" />
        <i3dMapping id="B_Pipe_1" node="0>0|4|1|0" />
        <i3dMapping id="B_Pipe_2" node="0>0|4|1|0|0" />
        <i3dMapping id="RPB_Pipes_1" node="0>0|4|2" />
        <i3dMapping id="RP_adjust_rot1" node="0>1|0|0" />
        <i3dMapping id="RP_rot1" node="0>1|0|0|0" />
        <i3dMapping id="RP_rot2" node="0>1|0|0|0|0" />
        <i3dMapping id="RP_para_rot1" node="0>1|0|0|0|0|0" />
        <i3dMapping id="RP_adjust_rot2" node="0>1|0|0|0|0|0|0" />
        <i3dMapping id="attacherjoint_3P" node="0>1|0|0|0|0|0|0|0" />
        <i3dMapping id="ref_bottom_rot" node="0>1|0|0|1" />
        <i3dMapping id="ref_bottom_trans" node="0>1|0|0|1|0" />
        <i3dMapping id="ref_attacherjoint_3P" node="0>1|0|0|1|0|0" />
        <i3dMapping id="ref_ArmZyl_L" node="0>1|0|0|1|0|1" />
        <i3dMapping id="ref_ArmZyl_R" node="0>1|0|0|1|0|2" />
        <i3dMapping id="Col_support_H" node="0>1|0|0|1|0|3" />
        <i3dMapping id="topreferencenode" node="0>1|0|1" />
        <i3dMapping id="ref_lifter" node="0>1|0|2" />
        <i3dMapping id="LiftZyl_L" node="0>1|0|2|0|0" />
        <i3dMapping id="LiftZyl_R" node="0>1|0|2|1|0" />
        <i3dMapping id="ref_PTO" node="0>1|1" />
        <i3dMapping id="trailerAttacherJointTrans" node="0>1|2" />
        <i3dMapping id="trailerAttacherJoint" node="0>1|2|0" />
        <i3dMapping id="attacherJointLow" node="0>1|3|0" />
        <i3dMapping id="steeringLeftRef" node="0>1|3|1" />
        <i3dMapping id="steeringRightRef" node="0>1|3|2" />
        <i3dMapping id="hydraulicIn01" node="0>1|4|0" />
        <i3dMapping id="hydraulicOut01" node="0>1|4|1" />
        <i3dMapping id="hydraulicIn02" node="0>1|4|2" />
        <i3dMapping id="hydraulicOut02" node="0>1|4|3" />
        <i3dMapping id="hydraulicIn03" node="0>1|4|4" />
        <i3dMapping id="hydraulicOut03" node="0>1|4|5" />
        <i3dMapping id="hydraulicIn04" node="0>1|4|6" />
        <i3dMapping id="hydraulicOut04" node="0>1|4|7" />
        <i3dMapping id="hydraulicIn05" node="0>1|4|8" />
        <i3dMapping id="hydraulicOut05" node="0>1|4|9" />
        <i3dMapping id="airDoubleStorage" node="0>1|4|10" />
        <i3dMapping id="airDoubleControl" node="0>1|4|11" />
        <i3dMapping id="electric" node="0>1|4|12" />
        <i3dMapping id="Confi_CargoSupport" node="0>1|4|22" />
        <i3dMapping id="Cargosupport" node="0>1|4|22|1" />
        <i3dMapping id="ref_1x13cm" node="0>1|4|22|3" />
        <i3dMapping id="Airpipe_Big_end" node="0>1|4|22|3|0" />
        <i3dMapping id="AirPipe_1x13cm" node="0>1|4|22|3|1" />
        <i3dMapping id="ref_4x8cm" node="0>1|4|22|4" />
        <i3dMapping id="Airpipe_1_end" node="0>1|4|22|4|0" />
        <i3dMapping id="Airpipe_2_end" node="0>1|4|22|4|1" />
        <i3dMapping id="Airpipe_3_end" node="0>1|4|22|4|2" />
        <i3dMapping id="Airpipe_4_end" node="0>1|4|22|4|3" />
        <i3dMapping id="AirPipe_4x8cm" node="0>1|4|22|4|4" />
        <i3dMapping id="ref_UI" node="0>2" />
        <i3dMapping id="ref_UI_F" node="0>2|0" />
        <i3dMapping id="LP_Monitor_F" node="0>2|0|0" />
        <i3dMapping id="ref_UI_H" node="0>2|1" />
        <i3dMapping id="LP_Monitor_H" node="0>2|1|0" />
        <i3dMapping id="ref_Disp_3P" node="0>2|1|1" />
        <i3dMapping id="ref_UI_3P_Arm1" node="0>2|1|1|0|0" />
        <i3dMapping id="UI_3P_Arm1_up" node="0>2|1|1|0|0|0" />
        <i3dMapping id="UI_3P_Arm1_down" node="0>2|1|1|0|0|1" />
        <i3dMapping id="UI_3P_up" node="0>2|1|1|0|1" />
        <i3dMapping id="UI_3P_down" node="0>2|1|1|0|2" />
        <i3dMapping id="ref_UI_3P_Arm2" node="0>2|1|1|1" />
        <i3dMapping id="UI_3P_Arm2" node="0>2|1|1|1|0" />
        <i3dMapping id="PTO_inputnode" node="0>2|1|1|2" />
        <i3dMapping id="PTO_on" node="0>2|1|1|2|0" />
        <i3dMapping id="lights" node="0>3" />
        <i3dMapping id="Switchlight_Lw" node="0>3|0" />
        <i3dMapping id="L_Switchlight_Lw" node="0>3|0|0" />
        <i3dMapping id="Switchlight_Rw" node="0>3|1" />
        <i3dMapping id="L_Switchlight_Rw" node="0>3|1|0" />
        <i3dMapping id="Switchlight_Lr" node="0>3|2" />
        <i3dMapping id="L_Switchlight_Lr" node="0>3|2|0" />
        <i3dMapping id="Switchlight_Rr" node="0>3|3" />
        <i3dMapping id="L_Switchlight_Rr" node="0>3|3|0" />
        <i3dMapping id="L_PosLight_L" node="0>3|4" />
        <i3dMapping id="L_PosLight_R" node="0>3|5" />
        <i3dMapping id="Konfi_UI" node="0>4|0" />
        <i3dMapping id="Konfi_L_UI_color" node="0>4|0|0" />
        <i3dMapping id="Konfi_Fender" node="0>4|1" />
        <i3dMapping id="Konfi_Fender_color" node="0>4|1|0" />
        <i3dMapping id="Confi_Cover" node="0>4|2" />
        <i3dMapping id="decals_color" node="0>4|4" />
    </i3dMappings>
</vehicle>
