﻿<?xml version="1.0" encoding="utf-8" standalone="no" ?>
<vehicle type="ADs">
    <annotation>ImpTS</annotation>

    <storeData>
        <name>Achsmodul-Standardadapter</name>
        <functions>
            <function>
				<de>Achsmodul mit Standard Traktor Kopplungen</de> 
				<en>Axis modul with Standard tractor attachements</en>
			</function>
        </functions>
		<specs>
            <combination>SynTrac</combination>
        </specs>
        <image>store_AD_Standard_Axis.dds</image>
        <price>55</price>
        <lifetime>600</lifetime>
        <rotation>0</rotation>
        <brand>SYNTRAC</brand>
        <category>misc</category>
    </storeData>

    <base>
        <typeDesc>$l10n_typeDesc_trailer</typeDesc>
        <filename>vehicles/AD_Standard_Axis.i3d</filename>
        <size width="3" length="5" lengthOffset="-0.5"/>
        <components>
            <component centerOfMass="0 0.9 -1" solverIterationCount="25" mass="3900" />
        </components>
        <schemaOverlay attacherJointPosition="0 0">
            <default name="DEFAULT_IMPLEMENT"/>
            <selected name="DEFAULT_IMPLEMENT_SELECTED"/>
        </schemaOverlay>
    </base>
	
	<wheels>
		<!--
        <ackermannSteeringConfigurations>
			<ackermannSteering rotSpeed="30" rotMax="34" rotCenter="0 -1.38" />
        </ackermannSteeringConfigurations>
		-->
		<wheelConfigurations>
			<wheelConfiguration name="$l10n_configuration_valueWheelCommunal" price="0" brand="NOKIAN">
				<wheels > <!-- autoRotateBackSpeed="2" ackermannSteeringIndex="1" -->
					<wheel filename="parts/Wheel_440_80R30_NokianCOM.xml" isLeft="true" hasTireTracks="true" hasParticles="true" >
                        <physics restLoad="2.6" repr="Steer_Axe_L"  driveNode="Wheel_L"  linkNode="Wheel_L_dummy"   forcePointRatio="0.2" initialCompression="30" suspTravel="0.2" spring="35" damper="55" frictionScale="2.5" transRatio="1"/>
                        <steeringAxle scale="0.7" rotMax="25" rotMin="-25" />
						<fender node="Fender_L_ref" rotMin="-15" />
                    </wheel>
					<wheel filename="parts/Wheel_440_80R30_NokianCOM.xml" isLeft="false" hasTireTracks="true" hasParticles="true" >
                        <physics restLoad="2.6" repr="Steer_Axe_R"  driveNode="Wheel_R"  linkNode="Wheel_R_dummy"   forcePointRatio="0.2" initialCompression="30" suspTravel="0.2" spring="35" damper="55" frictionScale="2.5" transRatio="1"/>
                        <steeringAxle scale="0.7" rotMax="25" rotMin="-25" />
						<fender node="Fender_R_ref" rotMax="15" />
                    </wheel>
					<foliageBendingModifier index="1" minX="-1.3" maxX="1.3" />
                </wheels>
			</wheelConfiguration>
			<wheelConfiguration name="$l10n_configuration_valueWheelBroad" price="1000" brand="MICHELIN">
				<wheels > <!-- autoRotateBackSpeed="2" ackermannSteeringIndex="1" -->
					<wheel filename="parts/Wheel_600_65R28_MichTR.xml" isLeft="true" hasTireTracks="true" hasParticles="true" >
                        <physics restLoad="2.6" repr="Steer_Axe_L"  driveNode="Wheel_L"  linkNode="Wheel_L_dummy"   forcePointRatio="0.5" initialCompression="30" suspTravel="0.2" spring="25" damper="50" frictionScale="4" transRatio="1"/>
                        <steeringAxle scale="-0.7" rotMax="25" rotMin="-25" />
						<fender node="Fender_L_ref" rotMin="-15" />
                    </wheel>
					<wheel filename="parts/Wheel_600_65R28_MichTR.xml" isLeft="false" hasTireTracks="true" hasParticles="true" >
                        <physics restLoad="2.6" repr="Steer_Axe_R"  driveNode="Wheel_R"  linkNode="Wheel_R_dummy"   forcePointRatio="0.5" initialCompression="30" suspTravel="0.2" spring="25" damper="50" frictionScale="4" transRatio="1"/>
                        <steeringAxle scale="-0.7" rotMax="25" rotMin="-25" />
						<fender node="Fender_R_ref" rotMax="15" />
                    </wheel>
					<foliageBendingModifier index="1" minX="-1.3" maxX="1.3" />
                </wheels>		
            </wheelConfiguration>
        </wheelConfigurations>
	</wheels>
	
	<speedRotatingParts>
        <speedRotatingPart node="Steer_Axe_L_fender"   driveNode="Wheel_L_dummy"    wheelIndex="1" applySteeringAngle="true" />
        <speedRotatingPart node="Steer_Axe_R_fender"  driveNode="Wheel_R_dummy"   wheelIndex="2" applySteeringAngle="true" />
		<speedRotatingPart node="KW_ref_L" radius="-0.25" />
		<speedRotatingPart node="KW_ref_R" radius="-0.25" />
    </speedRotatingParts>
	
	<rimColorConfigurations useDefaultColors="true" >
		<rimColorConfiguration color="1.000 0.050 0.025"/> <!-- red -->
		<rimColorConfiguration color="0.050 0.050 0.070"/> <!-- dark -->
		<rimColorConfiguration color="1.000 0.250 0.000"/> <!-- orange -->
	</rimColorConfigurations>
	
	<slopeCompensation>
        <compensationNode wheel1="1" wheel2="2" maxAngle="7" animationName="slopeCompensation_axis1" foldAngleScale="0"/>
    </slopeCompensation>
	
	<!--
	<crabSteering>
        <steeringMode name="action_steeringModeAllWheel" >
            <wheel index="1" offset="0" />
            <wheel index="2" offset="0" />
        </steeringMode>
        <steeringMode name="action_steeringModeFrontWheel" >
            <wheel index="1" offset="0" locked="true" />
            <wheel index="2" offset="0" locked="true" />
        </steeringMode>
        <steeringMode name="action_steeringModeCrabLeft" >
            <wheel index="1" offset="15" />
            <wheel index="2" offset="15" />
        </steeringMode>
        <steeringMode name="action_steeringModeCrabRight" >
            <wheel index="1" offset="-15" />
            <wheel index="2" offset="-15" />
        </steeringMode>
    </crabSteering>
	
	
	<differentialConfigurations>
        <differentialConfiguration>
            <differentials>
                <differential torqueRatio="0.5" maxSpeedRatio="1.9" wheelIndex1="1" wheelIndex2="2" />
            </differentials>
        </differentialConfiguration>
    </differentialConfigurations>
	-->
    <lights>
        <states>
            <state lightTypes="0" />
            <state lightTypes="0 1" />
            <state lightTypes="0 1 2" />
        </states>
		
		<sharedLight linkNode="L_PosLight_L" node="0" lightTypes="0" filename="parts/Poslights.xml">
		</sharedLight>
		<sharedLight linkNode="L_PosLight_R" node="0" lightTypes="0" filename="parts/Poslights.xml">
		</sharedLight>
		<sharedLight linkNode="L_Switchlight_Lr" node="0" lightTypes="0" filename="parts/Switchlight_red.xml">
		</sharedLight>
		<sharedLight linkNode="L_Switchlight_Rr" node="0" lightTypes="0" filename="parts/Switchlight_red.xml">
		</sharedLight>
		
    </lights>
	
	<attachable>	
		<inputAttacherJoints>
			<inputAttacherJoint node="attacherjoint" jointType="skidSteer" />
		</inputAttacherJoints>
		<steeringAxleAngleScale startSpeed="1" endSpeed="90" backwards="true" />
        <brakeForce>0.96</brakeForce>
        <airConsumer usage="0.5" />
		<support animationName="moveSupport"/>
    </attachable>
	
	<connectionHoses>
        <target attacherJointIndices="1 2 3" type="electric" node="electric"/>
        <target attacherJointIndices="1 2 3" type="hydraulicIn" node="hydraulicIn01"/>
        <target attacherJointIndices="1 2 3" type="hydraulicOut" node="hydraulicOut01"/>
        <target attacherJointIndices="1 2 3" type="hydraulicIn" node="hydraulicIn02"/>
        <target attacherJointIndices="1 3 3" type="hydraulicOut" node="hydraulicOut02"/>
        <target attacherJointIndices="1 2 3" type="hydraulicIn" node="hydraulicIn03"/>
        <target attacherJointIndices="1 2 3" type="hydraulicOut" node="hydraulicOut03"/>
        <target attacherJointIndices="1 2 3" type="hydraulicIn" node="hydraulicIn04"/>
        <target attacherJointIndices="1 2 3" type="hydraulicOut" node="hydraulicOut04"/>
        <target attacherJointIndices="1 2 3" type="hydraulicIn" node="hydraulicIn05"/>
        <target attacherJointIndices="1 2 3" type="hydraulicOut" node="hydraulicOut05"/>
        <target attacherJointIndices="1 2 3" type="airDoubleRed" node="airDoubleStorage" socket="air_red"/>
        <target attacherJointIndices="1 2 3" type="airDoubleYellow" node="airDoubleControl" socket="air_yellow"/>
    </connectionHoses>
	
	<powerTakeOffs>
        <output attacherJointIndices="3" outputNode="ref_PTO_up" />
		<output attacherJointIndices="1 2" outputNode="ref_PTO_down" />
    </powerTakeOffs>
    
	<attacherJoints>
        <!-- 3 Point -->
		<attacherJoint node="attacherjoint_3P" ptoSkipVehicle="true" aiAllowTurnBackward="true" moveTime="2.5" comboTime="0">
            <distanceToGround lower="0.31" upper="1.02" />
            <rotationNode node="RP_rot1" lowerRotation="-15 0 0" upperRotation="25 0 0" />
            <rotationNode2 node="RP_rot2" />
            <bottomArm rotationNode="ref_bottom_rot" translationNode="ref_bottom_trans" referenceNode="ref_attacherjoint_3P" zScale="-1" startRotation="0 0 0" />
            <topArm baseNode="topreferencenode" filename="parts/Upperlink_S.i3d" zScale="-1" color="SHARED_BLACK1" toggleVisibility="true"/>
            <schema position="1 0" rotation="0" invertX="false" />
        </attacherJoint>
		
		
        <!-- trailer attacher -->
		<attacherJoint node="trailerAttacherJoint" jointType="trailer" lowerRotLimit="10 70 50" upperRotRotationOffset="0" allowsJointLimitMovement="false" comboTime="0">
            <distanceToGround lower="0.48" upper="1.12" />
            <!-- <transNode node="trailerAttacherJointTrans" minY="-0.6" maxY="0" /> -->
            <schema position="1 0" rotation="0" invertX="false" />
        </attacherJoint>
		<!-- trailer low -->
		<attacherJoint node="attacherJointLow" jointType="trailerLow" lowerRotLimit="10 70 50" upperRotRotationOffset="0" allowsJointLimitMovement="false" comboTime="0">
            <schema position="1 0" rotation="0" invertX="false" />
            <steeringBars leftNode="steeringLeftRef" rightNode="steeringRightRef" />
        </attacherJoint>
		<objectChange node="trailerAttacherJointTrans" translationActive="0 -0.4 -1.265" translationInactive="0 -0.53 -1.265"/>
    </attacherJoints>
	

	<cylindered>
        <movingTools>
			<!-- Support -->         
			<movingTool node="ref_support_F">
				<dependentPart node="Zyl_Support"/>
				<dependentPart node="B_Pipe_2"/>
			</movingTool>
			<!-- 3P Adjust -->		
			<movingTool node="ref_bottom_rot"> <!-- attacher joint back bottom-->
				<dependentPart node="ref_lifter"/>
				<dependentPart node="LiftZyl_L"/>
				<dependentPart node="LiftZyl_R"/>
				<dependentPart node="Hub_Zyl"/>
			</movingTool>
			<movingTool node="RP_adjust_rot1">
				<controls axis="AXIS_HYDRAULICATTACHER1" invertAxis="false" invertMouseAxis="false" speedFactor="0.7"/>
				<rotation rotSpeed="25" rotAcceleration="300" rotMax="45" rotMin="-25" startRot="-22"/>
				<attacherJoint jointIndices="1" />
				<dependentPart node="ref_lifter"/>
				<dependentPart node="LiftZyl_L"/>
				<dependentPart node="LiftZyl_R"/>
			</movingTool>
			<movingTool node="RP_adjust_rot2">
				<controls axis="AXIS_HYDRAULICATTACHER2" invertAxis="false" invertMouseAxis="true" speedFactor="0.7"/>
				<rotation rotSpeed="10" rotAcceleration="300" rotMax="30" rotMin="-45"/>
				<attacherJoint jointIndices="1" />
			</movingTool>
			<!-- Trailer Adjust -->		
			<movingTool node="trailerAttacherJointTrans">
				<controls axis="AXIS_CRANE_TOOL" invertAxis="false" invertMouseAxis="false" speedFactor="0.7"/>
				<translation transSpeed="0.1" transAcceleration="60" transMax="0" transMin="-0.6" translationAxis="2" />
				<attacherJoint jointIndices="2" />
			</movingTool>
			
			<movingTool node="SlopeAxis" wheelIndices="1 2">
            </movingTool>
			<movingTool node="Wheels_adjust" wheelIndices="1 2">
            </movingTool>
			
		</movingTools>
    
		<movingParts>
			<!-- support -->
			<movingPart node="Zyl_Support" referencePoint="ref_supportHydr" referenceFrame="ref_Zyl_Support">
				<translatingPart node="Kolben_Support"/>
			</movingPart>
			<movingPart node="B_Pipe_1"   referenceFrame="RPB_Pipes_1" moveToReferenceFrame="true"/>
			<movingPart node="B_Pipe_2"   referenceFrame="RPB_Pipes_2" moveToReferenceFrame="true"/>
			<!-- 3P -->
			<movingPart node="ref_lifter" referencePoint="ref_ArmZyl_L" localReferencePoint="LiftZyl_L" referenceFrame="ref_bottom_rot" >
				<dependentPart node="LiftZyl_L" />
				<dependentPart node="LiftZyl_R" />
			</movingPart>
			<movingPart node="LiftZyl_L" referencePoint="ref_ArmZyl_L" referenceFrame="ref_ArmZyl_L">
			</movingPart>
			<movingPart node="LiftZyl_R" referencePoint="ref_ArmZyl_R" referenceFrame="ref_ArmZyl_R">
			</movingPart>
			<movingPart node="Hub_Zyl" referencePoint="RP_Hub_Kolben" referenceFrame="ref_Hub_Zyl" isActiveDirty="true">
				<translatingPart node="Hub_Kolben"/>
			</movingPart>
			<movingPart node="B_Pipe_Hubzyl_1" referencePoint="RPB_Pipe_Hubzyl_1" referenceFrame="0>" isActiveDirty="true" />
			<movingPart node="B_Pipe_Hubzyl_2" referencePoint="RPB_Pipe_Hubzyl_2" referenceFrame="0>" isActiveDirty="true" />
			
			<!-- axis -->
			<movingPart node="ref_Axis_L" referencePoint="Steer_Axe_L" referenceFrame="0>" isActiveDirty="true" />
			<movingPart node="ref_Axis_R" referencePoint="Steer_Axe_R" referenceFrame="0>" isActiveDirty="true" />
			<!-- Axis_vis -->
			<movingPart node="B_Axis_L" referenceFrame="RPB_Axis_L" moveToReferenceFrame="true" isActiveDirty="true"/>
			<movingPart node="B_Axis_M" referenceFrame="RPB_Axis" moveToReferenceFrame="true" isActiveDirty="true"/>
			<movingPart node="B_Axis_R" referenceFrame="RPB_Axis_R" moveToReferenceFrame="true" isActiveDirty="true"/>
			<!-- Axis Kardanwelle -->
			<movingPart node="KW_Link_L" referencePoint="Wheel_L_dummy" referenceFrame="KW_axis_L" isActiveDirty="true" />
			<movingPart node="KW_Link_R" referencePoint="Wheel_R_dummy" referenceFrame="KW_axis_R" isActiveDirty="true" />
			<!-- dampers -->
			<movingPart node="Damper_in_L" referencePoint="ref_Damper_out_L" referenceFrame="ref_Damper_in_L" isActiveDirty="true" />
			<movingPart node="Damper_in_R" referencePoint="ref_Damper_out_R" referenceFrame="ref_Damper_in_R" isActiveDirty="true" />
			<movingPart node="Damper_out_L" referencePoint="ref_Damper_in_L" referenceFrame="ref_Damper_out_L" isActiveDirty="true" />
			<movingPart node="Damper_out_R" referencePoint="ref_Damper_in_R" referenceFrame="ref_Damper_out_R" isActiveDirty="true" />
			<!-- damper pipe -->
			<movingPart node="B_Damper_L"   referenceFrame="RPB_Damper_L"   moveToReferenceFrame="true" isActiveDirty="true"/>
			<movingPart node="B_Damper_Lz" referenceFrame="RPB_Damper_Lz" moveToReferenceFrame="true" isActiveDirty="true"/>
			<movingPart node="B_Damper_R"   referenceFrame="RPB_Damper_R"   moveToReferenceFrame="true" isActiveDirty="true"/>
			<movingPart node="B_Damper_Rz" referenceFrame="RPB_Damper_Rz" moveToReferenceFrame="true" isActiveDirty="true"/>
				
			<!-- brakepipe -->
			<movingPart node="B_Brake_L"     referenceFrame="RPB_Brake_L" moveToReferenceFrame="true" isActiveDirty="true"/>
			<movingPart node="B_Brake_Lf"   referenceFrame="RPB_Brake_Lf" moveToReferenceFrame="true" isActiveDirty="true"/>
			<movingPart node="B_Brake_Lc" referenceFrame="ref_Brakepipe" moveToReferenceFrame="true" isActiveDirty="true"/>
			<movingPart node="B_Brake_R"     referenceFrame="RPB_Brake_R" moveToReferenceFrame="true" isActiveDirty="true"/>
			<movingPart node="B_Brake_Rf"   referenceFrame="RPB_Brake_Rf" moveToReferenceFrame="true" isActiveDirty="true"/>
			<movingPart node="B_Brake_Rc" referenceFrame="ref_Brakepipe" moveToReferenceFrame="true" isActiveDirty="true"/>
        
			<!-- steering -->
			<movingPart node="ref_Steerbase_L" referencePoint="ref_SteerHub_L" referenceFrame="ref_SteerBase" isActiveDirty="true">
				<translatingPart node="ref_Steerrod_L"/>
			</movingPart>
			<movingPart node="ref_Steerbase_R" referencePoint="ref_SteerHub_R" referenceFrame="ref_SteerBase" isActiveDirty="true">
				<translatingPart node="ref_Steerrod_R"/>
			</movingPart>			
			
		</movingParts>
		
		<sounds>
            <hydraulic template="DEFAULT_HYDRAULIC_SOUND" linkNode="Col_1Axis_3P"/>
        </sounds>
		
    </cylindered>

	
    <foldable>
        <foldingParts startMoveDirection="1" turnOnFoldMaxLimit="0.125" turnOnFoldMinLimit="0.0">
            <foldingPart animationName="folding" speedScale="1" />
        </foldingParts>
    </foldable>
	
	<animations>
        <animation name="moveSupport">
            <part node="ref_support_F" startTime="0" endTime="3" startRot="0 0 0" endRot="35 0 0" />
        </animation>
		<animation name="folding">
			<part node="KonFill_None" startTime="0" endTime="1.5" visibility="false" />
			<part node="KonFill_None" startTime="1.5" endTime="3" visibility="true" />
        </animation>
		<animation name="slopeCompensation_axis1">
            <part node="SlopeAxis" startTime="0" endTime="3" startRot="0 0 -7" endRot="0 0 7"/>
        </animation>
    </animations>
	
	<designConfigurations>
        <designConfiguration name="$l10n_WheelFender" price="500">
            <objectChange node="Fender_L" visibilityActive="true"/>
			<objectChange node="Fender_R" visibilityActive="true"/>
			<objectChange node="Konfi_UI" visibilityActive="false"/>
			<objectChange node="Konfi_Fender_Large" visibilityActive="false"/>
			<objectChange node="lights" visibilityActive="false"/>
        </designConfiguration>
        <designConfiguration name="$l10n_Panel" price="1000">
            <objectChange node="Fender_L" visibilityActive="false"/>
			<objectChange node="Fender_R" visibilityActive="false"/>
			<objectChange node="Konfi_UI" visibilityActive="true"/>
			<objectChange node="Konfi_Fender_Large" visibilityActive="false"/>
			<objectChange node="lights" visibilityActive="true"/>
        </designConfiguration>
		<designConfiguration name="$l10n_PanelFender" price="2000">
            <objectChange node="Fender_L" visibilityActive="false"/>
			<objectChange node="Fender_R" visibilityActive="false"/>
			<objectChange node="Konfi_UI" visibilityActive="false"/>
			<objectChange node="Konfi_Fender_Large" visibilityActive="true"/>
			<objectChange node="lights" visibilityActive="true"/>
        </designConfiguration>
    </designConfigurations>

    <baseMaterial>
        <material name="decal_AD_mat_color" baseNode="decals_color">
            <shaderParameter name="colorMat0" value="0.050 0.050 0.070 16"/>
			<shaderParameter name="colorMat1" value="1 1 1 8"/>
			<shaderParameter name="colorMat2" value="0.050 0.050 0.070 1"/>
			<shaderParameter name="colorMat3" value="1.000 0.050 0.025 1"/>
			<shaderParameter name="colorMat4" value="1.00 1.00 0.10 1.0"/>
			<shaderParameter name="colorMat5" value="0.05 0.05 0.05 1.0"/>
			<shaderParameter name="colorMat6" value="1.00 0.10 1.00 1.0"/>
			<shaderParameter name="colorMat7" value="0.10 1.00 1.00 1.0"/>
        </material>
    </baseMaterial>
	<!-- P1 dark -->
	<baseMaterialConfigurations price="800" useDefaultColors="true" defaultColorIndex="0">
        <baseMaterialConfiguration color="1.000 0.050 0.025"/> <!-- red -->
		<baseMaterialConfiguration color="0.050 0.050 0.070"/> <!-- dark -->
		<baseMaterialConfiguration color="1.000 0.250 0.000"/> <!-- orange -->
		<material name="decal_AD_mat_color" shaderParameter="colorMat2" />
		<material name="decal_AD_mat_color" shaderParameter="colorMat3" />
    </baseMaterialConfigurations>
	
	<foliageBending>
        <bendingNode minX="-0.4" maxX="0.4" minZ="-0.4" maxZ="0.9" yOffset="0.5" />
    </foliageBending>

    <wearable wearDuration="480" workMultiplier="5" fieldMultiplier="2"/>
    <washable dirtDuration="90" washDuration="1" workMultiplier="3" fieldMultiplier="2"/>

    <i3dMappings>
        <i3dMapping id="Col_1Axis_3P" node="0>" />
        <i3dMapping id="SlopeAxis" node="0>0" />
        <i3dMapping id="Wheels_adjust" node="0>0|0" />
        <i3dMapping id="Steer_Axe_L" node="0>0|0|0" />
        <i3dMapping id="ref_Fender_L" node="0>0|0|0|0" />
        <i3dMapping id="Wheel_L" node="0>0|0|0|1" />
        <i3dMapping id="Steer_Axe_R" node="0>0|0|1" />
        <i3dMapping id="ref_Fender_R" node="0>0|0|1|0" />
        <i3dMapping id="Wheel_R" node="0>0|0|1|1" />
        <i3dMapping id="ref_Axis_L" node="0>1|0" />
        <i3dMapping id="Steer_Axe_L_rot" node="0>1|0|0" />
        <i3dMapping id="Steer_Axe_L_fender" node="0>1|0|0|0" />
        <i3dMapping id="Wheel_L_rot" node="0>1|0|0|0|0" />
        <i3dMapping id="Wheel_L_dummy" node="0>1|0|0|0|0|0" />
        <i3dMapping id="Fender_L_ref" node="0>1|0|0|0|1" />
        <i3dMapping id="RPB_Brake_Lf" node="0>1|0|0|0|1|0" />
        <i3dMapping id="Fender_L" node="0>1|0|0|0|1|1" />
        <i3dMapping id="ref_SteerHub_L" node="0>1|0|0|0|2" />
        <i3dMapping id="ref_KW_hub_L" node="0>1|0|0|0|3" />
        <i3dMapping id="RPB_Brake_L" node="0>1|0|0|0|4" />
        <i3dMapping id="KW_ref_L" node="0>1|0|0|1" />
        <i3dMapping id="KW_axis_L" node="0>1|0|0|1|0" />
        <i3dMapping id="KW_Link_L" node="0>1|0|0|1|0|0" />
        <i3dMapping id="ref_Damper_in_L" node="0>1|0|1" />
        <i3dMapping id="Damper_in_L" node="0>1|0|1|0" />
        <i3dMapping id="RPB_Axis_L" node="0>1|0|2" />
        <i3dMapping id="ref_Axis_R" node="0>1|1" />
        <i3dMapping id="Steer_Axe_R_rot" node="0>1|1|0" />
        <i3dMapping id="Steer_Axe_R_fender" node="0>1|1|0|0" />
        <i3dMapping id="Wheel_R_rot" node="0>1|1|0|0|0" />
        <i3dMapping id="Wheel_R_dummy" node="0>1|1|0|0|0|0" />
        <i3dMapping id="Fender_R_ref" node="0>1|1|0|0|1" />
        <i3dMapping id="RPB_Brake_Rf" node="0>1|1|0|0|1|0" />
        <i3dMapping id="Fender_R" node="0>1|1|0|0|1|1" />
        <i3dMapping id="ref_SteerHub_R" node="0>1|1|0|0|2" />
        <i3dMapping id="ref_KW_hub_R" node="0>1|1|0|0|3" />
        <i3dMapping id="RPB_Brake_R" node="0>1|1|0|0|4" />
        <i3dMapping id="KW_ref_R" node="0>1|1|0|1" />
        <i3dMapping id="KW_axis_R" node="0>1|1|0|1|0" />
        <i3dMapping id="KW_Link_R" node="0>1|1|0|1|0|0" />
        <i3dMapping id="ref_Damper_in_R" node="0>1|1|1" />
        <i3dMapping id="Damper_in_R" node="0>1|1|1|0" />
        <i3dMapping id="RPB_Axis_R" node="0>1|1|2" />
        <i3dMapping id="ref_SteerBase" node="0>1|2" />
        <i3dMapping id="ref_Steerbase_L" node="0>1|2|0" />
        <i3dMapping id="ref_Steerrod_L" node="0>1|2|0|0" />
        <i3dMapping id="Steerrod_L" node="0>1|2|0|0|0" />
        <i3dMapping id="ref_Steerbase_R" node="0>1|2|1" />
        <i3dMapping id="ref_Steerrod_R" node="0>1|2|1|0" />
        <i3dMapping id="Steerrod_R" node="0>1|2|1|0|0" />
        <i3dMapping id="B_Axis_L" node="0>1|3|0|1" />
        <i3dMapping id="B_Axis_M" node="0>1|3|0|1|0" />
        <i3dMapping id="B_Axis_R" node="0>1|3|0|1|0|0" />
        <i3dMapping id="RPB_Axis" node="0>1|3|0|2" />
        <i3dMapping id="B_Damper_L" node="0>1|3|1|1" />
        <i3dMapping id="B_Damper_Lz" node="0>1|3|1|1|0" />
        <i3dMapping id="B_Damper_R" node="0>1|3|1|2" />
        <i3dMapping id="B_Damper_Rz" node="0>1|3|1|2|0" />
        <i3dMapping id="RPB_Damper_L" node="0>1|3|1|3" />
        <i3dMapping id="RPB_Damper_R" node="0>1|3|1|4" />
        <i3dMapping id="ref_Brakepipe" node="0>1|3|2" />
        <i3dMapping id="B_Brake_L" node="0>1|3|2|1" />
        <i3dMapping id="B_Brake_Lf" node="0>1|3|2|1|0" />
        <i3dMapping id="B_Brake_Lc" node="0>1|3|2|1|0|0" />
        <i3dMapping id="B_Brake_R" node="0>1|3|2|2" />
        <i3dMapping id="B_Brake_Rf" node="0>1|3|2|2|0" />
        <i3dMapping id="B_Brake_Rc" node="0>1|3|2|2|0|0" />
        <i3dMapping id="ref_Damper_out_L" node="0>1|4|0" />
        <i3dMapping id="Damper_out_L" node="0>1|4|0|0" />
        <i3dMapping id="RPB_Damper_Lz" node="0>1|4|0|0|0" />
        <i3dMapping id="ref_Damper_out_R" node="0>1|4|1" />
        <i3dMapping id="Damper_out_R" node="0>1|4|1|0" />
        <i3dMapping id="RPB_Damper_Rz" node="0>1|4|1|0|0" />
        <i3dMapping id="attacherjoint" node="0>2|0" />
        <i3dMapping id="ref_support_F" node="0>2|1" />
        <i3dMapping id="ref_supportHydr" node="0>2|1|0" />
        <i3dMapping id="ref_Zyl_Support" node="0>2|2" />
        <i3dMapping id="Zyl_Support" node="0>2|2|0" />
        <i3dMapping id="Kolben_Support" node="0>2|2|0|0" />
        <i3dMapping id="RPB_Pipes_2" node="0>2|2|0|1" />
        <i3dMapping id="boneparts_support" node="0>2|3" />
        <i3dMapping id="Pipe_Support" node="0>2|3|0" />
        <i3dMapping id="B_Pipe_1" node="0>2|3|1" />
        <i3dMapping id="B_Pipe_2" node="0>2|3|1|0" />
        <i3dMapping id="RPB_Pipes_1" node="0>2|3|2" />
        <i3dMapping id="Attachments" node="0>3" />
        <i3dMapping id="AT_3P" node="0>3|0" />
        <i3dMapping id="RP_adjust_rot1" node="0>3|0|0" />
        <i3dMapping id="RP_rot1" node="0>3|0|0|0" />
        <i3dMapping id="RP_rot2" node="0>3|0|0|0|0" />
        <i3dMapping id="RP_adjust_rot2" node="0>3|0|0|0|0|0" />
        <i3dMapping id="attacherjoint_3P" node="0>3|0|0|0|0|0|0" />
        <i3dMapping id="ref_bottom_rot" node="0>3|0|0|0|1" />
        <i3dMapping id="ref_bottom_trans" node="0>3|0|0|0|1|0" />
        <i3dMapping id="ref_attacherjoint_3P" node="0>3|0|0|0|1|0|0" />
        <i3dMapping id="ref_ArmZyl_L" node="0>3|0|0|0|1|0|1" />
        <i3dMapping id="ref_ArmZyl_R" node="0>3|0|0|0|1|0|2" />
        <i3dMapping id="topreferencenode" node="0>3|0|1" />
        <i3dMapping id="ref_lifter" node="0>3|0|2" />
        <i3dMapping id="ref_liftzyl_L" node="0>3|0|2|0" />
        <i3dMapping id="LiftZyl_L" node="0>3|0|2|0|0" />
        <i3dMapping id="ref_liftzyl_R" node="0>3|0|2|1" />
        <i3dMapping id="LiftZyl_R" node="0>3|0|2|1|0" />
        <i3dMapping id="ref_lifter_L" node="0>3|0|2|2" />
        <i3dMapping id="ref_lifter_R" node="0>3|0|2|3" />
        <i3dMapping id="RP_Hub_Kolben" node="0>3|0|2|4" />
        <i3dMapping id="Liftarm" node="0>3|0|2|5" />
        <i3dMapping id="ref_Hub_Zyl" node="0>3|0|3" />
        <i3dMapping id="Hub_Zyl" node="0>3|0|3|0" />
        <i3dMapping id="Hub_Kolben" node="0>3|0|3|0|0" />
        <i3dMapping id="RPB_Pipe_Hubzyl_2" node="0>3|0|3|0|1" />
        <i3dMapping id="ref_PTO_up" node="0>3|1|0" />
        <i3dMapping id="ref_PTO_down" node="0>3|1|1" />
        <i3dMapping id="KW_A" node="0>3|1|2" />
        <i3dMapping id="KW_B" node="0>3|1|3" />
        <i3dMapping id="KW_C" node="0>3|1|4" />
        <i3dMapping id="trailerAttacherJointTrans" node="0>3|2" />
        <i3dMapping id="trailerAttacherJoint" node="0>3|2|0" />
        <i3dMapping id="attacherJointLowTrans" node="0>3|3" />
        <i3dMapping id="attacherJointLow" node="0>3|3|0" />
        <i3dMapping id="steeringLeftRef" node="0>3|3|1" />
        <i3dMapping id="steeringRightRef" node="0>3|3|2" />
        <i3dMapping id="hydraulicIn01" node="0>3|4|0" />
        <i3dMapping id="hydraulicOut01" node="0>3|4|1" />
        <i3dMapping id="hydraulicIn02" node="0>3|4|2" />
        <i3dMapping id="hydraulicOut02" node="0>3|4|3" />
        <i3dMapping id="hydraulicIn03" node="0>3|4|4" />
        <i3dMapping id="hydraulicOut03" node="0>3|4|5" />
        <i3dMapping id="hydraulicIn04" node="0>3|4|6" />
        <i3dMapping id="hydraulicOut04" node="0>3|4|7" />
        <i3dMapping id="hydraulicIn05" node="0>3|4|8" />
        <i3dMapping id="hydraulicOut05" node="0>3|4|9" />
        <i3dMapping id="airDoubleStorage" node="0>3|4|10" />
        <i3dMapping id="airDoubleControl" node="0>3|4|11" />
        <i3dMapping id="electric" node="0>3|4|12" />
        <i3dMapping id="B_Pipe_Hubzyl_1" node="0>3|5|1" />
        <i3dMapping id="B_Pipe_Hubzyl_2" node="0>3|5|1|0" />
        <i3dMapping id="RPB_Pipe_Hubzyl_1" node="0>3|5|2" />
        <i3dMapping id="decals_color" node="0>4|5" />
        <i3dMapping id="Konfi_Fender_Large" node="0>4|9" />
        <i3dMapping id="Konfi_UI" node="0>4|10" />
        <i3dMapping id="KonFill_None" node="0>4|11" />
        <i3dMapping id="lights" node="0>5" />
        <i3dMapping id="Switchlight_Lw" node="0>5|0" />
        <i3dMapping id="L_Switchlight_Lw" node="0>5|0|0" />
        <i3dMapping id="Switchlight_Rw" node="0>5|1" />
        <i3dMapping id="L_Switchlight_Rw" node="0>5|1|0" />
        <i3dMapping id="Switchlight_Lr" node="0>5|2" />
        <i3dMapping id="L_Switchlight_Lr" node="0>5|2|0" />
        <i3dMapping id="Switchlight_Rr" node="0>5|3" />
        <i3dMapping id="L_Switchlight_Rr" node="0>5|3|0" />
        <i3dMapping id="L_PosLight_L" node="0>5|4" />
        <i3dMapping id="L_PosLight_R" node="0>5|5" />
    </i3dMappings>
</vehicle>
