﻿<?xml version="1.0" encoding="utf-8" standalone="no" ?>
<vehicle type="Elephant">
    <annotation>Copyright (C) GIANTS Software GmbH, All Rights Reserved.</annotation>

    <storeData>
        <name>Elephant Loader</name>
        <functions>
            <function>
				<de>Frontlader bis 4,5 t Zuladung, mit Radlader Aufnahme</de> 
				<en>Frontloader for  4,5 t, with wheelloader Attachment</en>
			</function>
        </functions>
		<specs>
            <combination>SynTrac</combination>
        </specs>
        <image>store_ElephantLoader.dds</image>
        <price>33000</price>
        <lifetime>600</lifetime>
        <rotation>0</rotation>
        <brand>SYNTRAC</brand>
        <category>misc</category>
    </storeData>

    <base>
        <typeDesc>$l10n_typeDesc_frontloader</typeDesc>
        <filename>vehicles/ElephantLoader.i3d</filename>
        <size width="3" length="3" lengthOffset="-0.5"/>
        <components>
            <component centerOfMass="0 1.3 -0.2" solverIterationCount="25" mass="2700" />
        </components>
        <schemaOverlay attacherJointPosition="0 0">
            <default name="DEFAULT_IMPLEMENT"/>
            <selected name="DEFAULT_IMPLEMENT_SELECTED"/>
        </schemaOverlay>
    </base>
	
    <lights>
        <states>
            <state lightTypes="0" />
            <state lightTypes="0 1" />
            <state lightTypes="0 1 2" />
        </states>
		
		<sharedLight linkNode="L_PosLight_L" node="0" lightTypes="0" filename="parts/Poslights.xml">
		</sharedLight>
		<sharedLight linkNode="L_PosLight_R" node="0" lightTypes="0" filename="parts/Poslights.xml">
		</sharedLight>
		<sharedLight linkNode="L_Switchlight_Lw" node="0" lightTypes="0" filename="parts/Switchlight_white.xml">
		</sharedLight>
		<sharedLight linkNode="L_Switchlight_Rw" node="0" lightTypes="0" filename="parts/Switchlight_white.xml">
		</sharedLight>
		
    </lights>
	
	<attachable>	
		<inputAttacherJoints>
			<inputAttacherJoint node="attacherjoint_in" hardAttach="true" jointType="wheelLoader" >
				<objectChange node="ref_UI_F" visibilityActive="true"  visibilityInactive="false" />
			</inputAttacherJoint>
		</inputAttacherJoints>
		<support animationName="moveSupport"/>
    </attachable>
	
	<attacherJoints>
		<attacherJointConfigurations>
            <attacherJointConfiguration name="$l10n_AT_WheelLoader" price="1500">
				<!-- Wheelloader -->
				<attacherJoint node="attacherJointDummy_WL" jointType="wheelLoader" visualNode="attacherJoint_WL" allowsJointLimitMovement="false" allowsLowering="false" rotLimitSpring="7500 7500 7500" rotLimitDamping="5 5 5" transLimitSpring="7500 7500 7500" transLimitDamping="5 5 5" >
					<schema position="-1 0.4" rotation="0" invertX="true" />
				</attacherJoint>
				<objectChange node="Plate_WL" visibilityActive="true"/>
				<objectChange node="Plate_TL" visibilityActive="false"/>
			</attacherJointConfiguration>			
            <attacherJointConfiguration name="$l10n_AT_TeleLoader" price="1300">
                <!-- Teleloader -->
				<attacherJoint node="attacherJointDummy_TL" jointType="telehandler" visualNode="attacherJoint_TL" allowsJointLimitMovement="false" allowsLowering="false" rotLimitSpring="7500 7500 7500" rotLimitDamping="5 5 5" transLimitSpring="7500 7500 7500" transLimitDamping="5 5 5" >
					<schema position="-1 0.4" rotation="0" invertX="true" />
				</attacherJoint>
				<objectChange node="Plate_WL" visibilityActive="false"/>
				<objectChange node="Plate_TL" visibilityActive="true"/>
            </attacherJointConfiguration>
        </attacherJointConfigurations>
		<sounds>
            <attach template="ATTACH_01" linkNode="Col_Loader" />
            <hydraulic template="DEFAULT_HYDRAULIC_SOUND" linkNode="Col_Loader" />
        </sounds>
		
    </attacherJoints>
	
	
	

	<cylindered>
        <movingTools>
			<!-- Arm 1 -->
            <movingTool node="ref_Arm_1Dummy" delayedNode="ref_Arm_1" playSound="true">
                <controls axis="AXIS_FRONTLOADER_ARM" invertAxis="false" mouseSpeedFactor="0.4"/>
                <attacherJoint jointIndices="1" />
                <rotation rotSpeed="15" rotAcceleration="150" rotMax="70" rotMin="0" />
                <dependentMovingTool node="ref_Arm_2Dummy" speedScale="-1"/>
				<dependentMovingTool node="ref_Arm_3Dummy" minRotLimits="-30 -30" maxRotLimits="50 12" />
				<dependentMovingTool node="ref_Piston_2" speedScale="1"/>
				<dependentAnimation name="boneAnimation" rotationAxis="1" minValue="0" maxValue="70" invert="false"/>
				<dependentAnimation name="UI_HighAnim" rotationAxis="1" minValue="0" maxValue="70" invert="false"/>
                <dependentPart node="ref_Plate_Dummy" />
                <dependentMovingTool node="attacherDummy" minRotLimits="-65 -35" maxRotLimits="20 80" />
            </movingTool>
			
            <movingTool node="ref_Arm_1">
                <dependentPart node="Zyl_1L" />
                <dependentPart node="Zyl_1R" />
				<dependentPart node="ref_Arm_3" />
                <dependentPart node="ref_Plate" />
            </movingTool>
			
			<!-- Arm 2 -->
            <movingTool node="ref_Arm_2Dummy" delayedNode="ref_Arm_2">
                <rotation rotSpeed="38.57" rotAcceleration="250" rotMax="0" rotMin="-180" />
                <attacherJoint jointIndices="1" />
                <dependentPart node="ref_Plate_Dummy" />
            </movingTool>
			<movingTool node="ref_Piston_2">
                <translation transSpeed="0.0887" transAcceleration="8" transMin="0.686" transMax="1.1" translationAxis="3" />
                <dependentPart node="Zyl_2_Hinch" />
            </movingTool>

            <movingTool node="ref_Arm_2">
				<dependentPart node="Zyl_2_Hinch" />
                <dependentPart node="ref_Arm_3" />
                <dependentPart node="ref_Plate" />
            </movingTool>
			
			<!-- Arm 3 -->
			<movingTool node="ref_Arm_3Dummy" delayedNode="ref_Arm_3" playSound="true">
				<controls axis="AXIS_FRONTLOADER_ARM2" invertAxis="true" mouseSpeedFactor="0.4"/>
                <rotation rotSpeed="25.71" rotAcceleration="250" rotMax="50" rotMin="-30" />
                <attacherJoint jointIndices="1" />
                <dependentPart node="ref_Plate_Dummy" />
				<dependentAnimation name="UI_Arm3Anim" rotationAxis="1" minValue="-30" maxValue="50" invert="false"/>
            </movingTool>
			
            <movingTool node="ref_Arm_3">
                <dependentPart node="Zyl_3" />
                <dependentPart node="ref_Plate" />
            </movingTool>
			
			<!-- Plate -->
            <movingTool node="attacherDummy" delayedNode="attacher" playSound="true">
                <controls axis="AXIS_FRONTLOADER_TOOL" invertAxis="true" mouseSpeedFactor="0.8"/>
                <attacherJoint jointIndices="1" />
                <rotation rotSpeed="35" rotAcceleration="300" rotMax="120" rotMin="-65" startRot="70" />
				<dependentMovingTool node="ref_Arm_3Dummy" speedScale="-1.2" />
				<dependentAnimation name="UI_PlateAnim" rotationAxis="1" minValue="-65" maxValue="120" invert="false"/>
            </movingTool>

            <movingTool node="ref_Plate">
                <dependentPart node="ZugRolle" />
				<dependentPart node="Transportrolle" />
            </movingTool>
			
			<!-- Support -->         
			<movingTool node="ref_SupFoot">
				<dependentPart node="Zyl_Support"/>
				<dependentPart node="B_Support_2"/>
			</movingTool>

		</movingTools>
    
		<movingParts>
			
			<movingPart node="ref_Plate_Dummy" referenceFrame="Col_Loader">
                <attacherJoint jointIndices="1" />
            </movingPart>
            <movingPart node="ref_Plate" referenceFrame="Col_Loader">
            </movingPart>
			
			<movingPart node="Zyl_1L" referencePoint="RP_Piston_1L" referenceFrame="ref_Zyl_Arm1">
				<translatingPart node="Piston_1L"/>
			</movingPart>
			<movingPart node="Zyl_1R" referencePoint="RP_Piston_1R" referenceFrame="ref_Zyl_Arm1">
				<translatingPart node="Piston_1R"/>
			</movingPart>
			<movingPart node="Zyl_2_Hinch" referencePoint="RP_Piston_2" referenceFrame="ref_Piston_2">
			</movingPart>
			<movingPart node="Zyl_3" referencePoint="RP_Piston_3" referenceFrame="ref_Zyl_3">
				<translatingPart node="Piston_3"/>
			</movingPart>
			
			<!-- support -->
			<movingPart node="Zyl_Support" referencePoint="RP_Zyl_Support" referenceFrame="ref_Zyl">
				<translatingPart node="Piston_Support"/>
			</movingPart>
			<movingPart node="B_Support_1"   referenceFrame="RPB_Pipes_Start" moveToReferenceFrame="true"/>
			<movingPart node="B_Support_2"   referenceFrame="RPB_Support_2" moveToReferenceFrame="true" isActiveDirty="true"/>
			
			<!-- Pipesys --> 
			<movingPart node="B_Zyl1Ra"   referenceFrame="RPB_Zyl1Ra" moveToReferenceFrame="true" isActiveDirty="true"/>
			<movingPart node="B_Zyl1M"   referenceFrame="RPB_Pipes_Start" moveToReferenceFrame="true" isActiveDirty="true"/>
			<movingPart node="B_Zyl1La"   referenceFrame="RPB_Zyl1La" moveToReferenceFrame="true" isActiveDirty="true"/>
			
			<movingPart node="B_Zyl2_start"   referenceFrame="RPB_Pipes_Start" moveToReferenceFrame="true" isActiveDirty="true"/>
			<movingPart node="B_Zyl2a"   referenceFrame="RPB_Zyl2a" moveToReferenceFrame="true" isActiveDirty="true"/>
			<movingPart node="B_Zyl2b"   referenceFrame="RPB_Zyl2b" moveToReferenceFrame="true" isActiveDirty="true"/>
			
			<movingPart node="B_Pipes_Pack_Start"   referenceFrame="RPB_Pipes_Start" moveToReferenceFrame="true" isActiveDirty="true"/>
			<movingPart node="B_Pipes_Pack_02"   referenceFrame="RPB_Pipepack_02" moveToReferenceFrame="true" isActiveDirty="true"/>
			<movingPart node="B_Pipes_Pack_03"   referenceFrame="RPB_Pipepack_03" moveToReferenceFrame="true" isActiveDirty="true"/>
			<movingPart node="B_Pipes_Pack_04"   referenceFrame="RPB_Pipepack_04" moveToReferenceFrame="true" isActiveDirty="true"/>
			<movingPart node="B_Pipes_Pack_05"   referenceFrame="RPB_Pipepack_05" moveToReferenceFrame="true" isActiveDirty="true"/>
			<movingPart node="B_Pipes_Pack_06"   referenceFrame="RPB_Pipepack_06" moveToReferenceFrame="true" isActiveDirty="true"/>
			<movingPart node="B_Pipes_Pack_07"   referenceFrame="RPB_Pipepack_07" moveToReferenceFrame="true" isActiveDirty="true"/>
			<movingPart node="B_Pipes_Pack_08"   referenceFrame="RPB_Pipepack_08" moveToReferenceFrame="true" isActiveDirty="true"/>
			<movingPart node="B_Pipes_Pack_09"   referenceFrame="RPB_Pipepack_09" moveToReferenceFrame="true" isActiveDirty="true"/>
			<movingPart node="B_Pipes_Pack_10"   referenceFrame="RPB_Pipepack_10" moveToReferenceFrame="true" isActiveDirty="true"/>
			<movingPart node="B_Pipes_Pack_11"   referenceFrame="RPB_Pipepack_11" moveToReferenceFrame="true" isActiveDirty="true"/>
			<movingPart node="B_Pipes_Pack_12"   referenceFrame="RPB_Pipepack_12" moveToReferenceFrame="true" isActiveDirty="true"/>
			<movingPart node="B_Pipes_Pack_13"   referenceFrame="RPB_Pipepack_13" moveToReferenceFrame="true" isActiveDirty="true"/>
		
			
			<movingPart node="B_Platepipes_01"   referenceFrame="RPB_Platepipes_01" moveToReferenceFrame="true" isActiveDirty="true"/>
			<movingPart node="B_Platepipes_02"   referenceFrame="RPB_Platepipes_02" moveToReferenceFrame="true" isActiveDirty="true"/>
			<movingPart node="B_Platepipes_03"   referenceFrame="RPB_Platepipes_03" moveToReferenceFrame="true" isActiveDirty="true"/>
			<movingPart node="B_Platepipes_04"   referenceFrame="RPB_Platepipes_04" moveToReferenceFrame="true" isActiveDirty="true"/>
			<movingPart node="B_Platepipes_05"   referenceFrame="RPB_Platepipes_05" moveToReferenceFrame="true" isActiveDirty="true"/>
			<movingPart node="B_Platepipes_06"   referenceFrame="RPB_Platepipes_06" moveToReferenceFrame="true" isActiveDirty="true"/>
			<movingPart node="B_Platepipes_07"   referenceFrame="RPB_Platepipes_07" moveToReferenceFrame="true" isActiveDirty="true"/>
			<movingPart node="B_Platepipes_08"   referenceFrame="RPB_Platepipes_08" moveToReferenceFrame="true" isActiveDirty="true"/>
			<movingPart node="B_Platepipes_09"   referenceFrame="RPB_Platepipes_09" moveToReferenceFrame="true" isActiveDirty="true"/>
			<movingPart node="B_Platepipes_10"   referenceFrame="RPB_Platepipes_10" moveToReferenceFrame="true" isActiveDirty="true"/>
			<movingPart node="B_Platepipes_11"   referenceFrame="RPB_Platepipes_11" moveToReferenceFrame="true" isActiveDirty="true"/>
			<movingPart node="B_Platepipes_12"   referenceFrame="RPB_Platepipes_12" moveToReferenceFrame="true" isActiveDirty="true"/>
			<movingPart node="B_Platepipes_13"   referenceFrame="RPB_Platepipes_13" moveToReferenceFrame="true" isActiveDirty="true"/>

			<movingPart node="B_PipesRol_A"   referenceFrame="RPB_Pipepack_13" moveToReferenceFrame="true" isActiveDirty="true"/>
			<movingPart node="B_PipesRol_B"   referenceFrame="RPB_PipesRol_B" moveToReferenceFrame="true" isActiveDirty="true"/>
			
			<movingPart node="B_Pipes_Arm_2a"   referenceFrame="RPB_Pipes_Arm_2a" moveToReferenceFrame="true" isActiveDirty="true"/>
			<movingPart node="B_Pipes_Arm_2b"   referenceFrame="RPB_Pipes_Arm_2b" moveToReferenceFrame="true" isActiveDirty="true"/>
			
		</movingParts>
		
		<sounds>
            <hydraulic template="DEFAULT_HYDRAULIC_SOUND" linkNode="Col_Loader"/>
        </sounds>
		
    </cylindered>

	
    <foldable>
        <foldingParts startMoveDirection="1" turnOnFoldMaxLimit="0.125" turnOnFoldMinLimit="0.0">
            <foldingPart animationName="folding" speedScale="1" />
        </foldingParts>
    </foldable>
	
	<animations>
	
        <animation name="moveSupport">
            <part node="ref_SupFoot" startTime="0" endTime="3" startRot="0 0 0" endRot="-35 0 0" />
			<part node="ref_UI" startTime="0" endTime="2.9" visibility="true"/>
			<part node="ref_UI" startTime="2.91" endTime="3" visibility="false"/>
        </animation>
		<animation name="folding">
			<part node="ref_UI_OnOff" startTime="0" endTime="0.1" visibility="true"/>
			<part node="ref_UI_OnOff" startTime="0.1" endTime="0.2" visibility="false"/>
        </animation>
		
		<animation name="boneAnimation">
			<part node="ref_Pipepack_RotoStart" startTime="0" endTime="0.4" startRot="0 0 0" endRot="0 0 0" />
			<part node="ref_Pipepack_RotoStart" startTime="0.4" endTime="1" startRot="0 0 0" endRot="-40 0 0" />
            <part node="RPB_Pipepack_02" startTime="0" endTime="0.4" startRot="0 0 0" endRot="-40 0 0" />
			<part node="RPB_Pipepack_02" startTime="0.4" endTime="1" startRot="-40 0 0" endRot="-45 0 0" />
			<part node="RPB_Pipepack_03" startTime="0" endTime="0.4" startRot="0 0 0" endRot="-25 0 0" />
			<part node="RPB_Pipepack_03" startTime="0.4" endTime="1" startRot="-25 0 0" endRot="15 0 0" />
			<part node="RPB_Pipepack_04" startTime="0" endTime="0.4" startRot="0 0 0" endRot="24 0 0" />
			<part node="RPB_Pipepack_04" startTime="0.4" endTime="0.7" startRot="24 0 0" endRot="22 0 0" />
			<part node="RPB_Pipepack_04" startTime="0.7" endTime="1" startRot="22 0 0" endRot="60 0 0" />
			<part node="RPB_Pipepack_05" startTime="0" endTime="0.4" startRot="0 0 0" endRot="75 0 0" />
			<part node="RPB_Pipepack_05" startTime="0.4" endTime="1" startRot="75 0 0" endRot="90 0 0" />
			<part node="RPB_Pipepack_06" startTime="0" endTime="1" startRot="0 0 0" endRot="20 0 0" />
			<part node="RPB_Pipepack_07" startTime="0" endTime="1" startRot="0 0 0" endRot="-5 0 0" />
			<part node="RPB_Pipepack_08" startTime="0" endTime="1" startRot="0 0 0" endRot="20 0 0" />
			<part node="RPB_Pipepack_09" startTime="0" endTime="1" startRot="0 0 0" endRot="30 0 0" />
			<part node="RPB_Pipepack_10" startTime="0" endTime="1" startRot="0 0 0" endRot="50 0 0" />
			<part node="RPB_Pipepack_11" startTime="0" endTime="1" startRot="0 0 0" endRot="60 0 0" />
			<part node="RPB_Pipepack_12" startTime="0" endTime="1" startRot="0 0 0" endRot="40 0 0" />
			<part node="RPB_Pipepack_12" startTime="0" endTime="1" startTrans="0 0.02 -0.45" endTrans="0 0.12 -0.4"/>
			
			<part node="RPB_Zyl2a" startTime="0" endTime="1" startTrans="0 -0.760 -0.320" endTrans="0 -0.760 -0.320" />
            <part node="RPB_Zyl2a" startTime="0" endTime="1" startRot="0 0 0" endRot="-160 0 0" />
        </animation>
		<animation name="UI_HighAnim">
            <part node="UI_High" startTime="0" endTime="1" startTrans="0 0 0" endTrans="0 0.13 0" />
        </animation>
		<animation name="UI_Arm3Anim">
            <part node="UI_Arm3" startTime="0" endTime="1" startTrans="0 0 0.05" endTrans="0 0 0" />
        </animation>
		<animation name="UI_PlateAnim">
            <part node="UI_Plate" startTime="0" endTime="1" startRot="-45 0 0" endRot="140 0 0" />
        </animation>
    </animations>
	
	<designConfigurations>
        <designConfiguration name="$l10n_None" price="0">
            <objectChange node="Plastik_TR" visibilityActive="false"/>
        </designConfiguration>
        <designConfiguration name="$l10n_Cover" price="1200">
            <objectChange node="Plastik_TR" visibilityActive="true"/>
        </designConfiguration>
    </designConfigurations>

    <baseMaterial>
        <material name="cover_mat" baseNode="Plastik_TR">
            <shaderParameter name="colorMat0" value="0.050 0.050 0.070 16"/>
			<shaderParameter name="colorMat1" value="1 1 1 8"/>
			<shaderParameter name="colorMat2" value="0.050 0.050 0.070 1"/>
			<shaderParameter name="colorMat3" value="1.000 0.050 0.025 1"/>
        </material>
		<material name="decal_color_mat" baseNode="TR_decal_Color">
            <shaderParameter name="colorMat0" value="0.050 0.050 0.070 16"/>
			<shaderParameter name="colorMat1" value="1 1 1 8"/>
			<shaderParameter name="colorMat2" value="0.050 0.050 0.070 1"/>
			<shaderParameter name="colorMat3" value="1.000 0.050 0.025 1"/>
        </material>
    </baseMaterial>
	<!-- P1 red -->
	<baseMaterialConfigurations price="300" useDefaultColors="false" defaultColorIndex="0">
        <baseMaterialConfiguration color="1.000 0.050 0.025"/> <!-- red -->
		<baseMaterialConfiguration color="0.050 0.050 0.070"/> <!-- dark -->
		<baseMaterialConfiguration color="1.000 0.250 0.000"/> <!-- orange -->
		<material name="cover_mat" shaderParameter="colorMat3" />
		<material name="decal_color_mat" shaderParameter="colorMat3" />
    </baseMaterialConfigurations>
	<!-- P2 dark -->
	<designMaterialConfigurations price="2300" useDefaultColors="false" defaultColorIndex="0">
		<designMaterialConfiguration color="0.050 0.050 0.070"/> <!-- dark -->
		<designMaterialConfiguration color="1.000 0.050 0.025"/> <!-- red -->
		<designMaterialConfiguration color="1.000 0.250 0.000"/> <!-- orange -->
		<material name="cover_mat" shaderParameter="colorMat2" />
		<material name="decal_color_mat" shaderParameter="colorMat0" />
	</designMaterialConfigurations>
	
	<foliageBending>
        <bendingNode minX="-0.4" maxX="0.4" minZ="-0.4" maxZ="0.9" yOffset="0.5" />
    </foliageBending>

    <wearable wearDuration="480" workMultiplier="5" fieldMultiplier="2"/>
    <washable dirtDuration="90" washDuration="1" workMultiplier="3" fieldMultiplier="2"/>
	
	<dynamicallyLoadedParts>
		<dynamicallyLoadedPart node="0" linkNode="LP_Monitor_F" filename="parts/Monitor1x.i3d" />
	</dynamicallyLoadedParts>

    <i3dMappings>
        <i3dMapping id="Col_Loader" node="0>" />
        <i3dMapping id="ref_Arm_1Dummy" node="0>0" />
        <i3dMapping id="ref_Arm_2Dummy" node="0>0|0" />
        <i3dMapping id="ref_Arm_3Dummy" node="0>0|0|0" />
        <i3dMapping id="ref_Plate_Dummy" node="0>0|0|0|0" />
        <i3dMapping id="attacherDummy" node="0>0|0|0|0|0" />
        <i3dMapping id="attacherJointDummy_WL" node="0>0|0|0|0|0|0" />
        <i3dMapping id="attacherJointDummy_TL" node="0>0|0|0|0|0|1" />
        <i3dMapping id="ref_Arm_1" node="0>1" />
        <i3dMapping id="ref_Arm_2" node="0>1|0" />
        <i3dMapping id="ref_Arm_3" node="0>1|0|0" />
        <i3dMapping id="ref_Plate" node="0>1|0|0|0" />
        <i3dMapping id="attacher" node="0>1|0|0|0|0" />
        <i3dMapping id="attacherJoint_WL" node="0>1|0|0|0|0|0" />
        <i3dMapping id="attacherJoint_TL" node="0>1|0|0|0|0|1" />
        <i3dMapping id="Plate_WL" node="0>1|0|0|0|0|2" />
        <i3dMapping id="Plate_TL" node="0>1|0|0|0|0|3" />
        <i3dMapping id="RPB_Pipes" node="0>1|0|0|0|0|5" />
        <i3dMapping id="RPB_Platepipes_10" node="0>1|0|0|0|0|5|0" />
        <i3dMapping id="RPB_Platepipes_11" node="0>1|0|0|0|0|5|1" />
        <i3dMapping id="RPB_Platepipes_12" node="0>1|0|0|0|0|5|2" />
        <i3dMapping id="RPB_Platepipes_13" node="0>1|0|0|0|0|5|3" />
        <i3dMapping id="RP_Piston_3" node="0>1|0|0|1" />
        <i3dMapping id="ZugRolle" node="0>1|0|0|2" />
        <i3dMapping id="Transportrolle" node="0>1|0|0|3" />
        <i3dMapping id="ref_Zyl_3" node="0>1|0|1" />
        <i3dMapping id="Zyl_3" node="0>1|0|1|0" />
        <i3dMapping id="Piston_3" node="0>1|0|1|0|0" />
        <i3dMapping id="RPB_Pipes_Arm_2b" node="0>1|0|1|0|1" />
        <i3dMapping id="RP_Piston_2" node="0>1|0|2" />
        <i3dMapping id="RPB_PipesRol_B" node="0>1|0|3" />
        <i3dMapping id="RPB_Pipes_Arm_2a" node="0>1|0|4" />
        <i3dMapping id="RPB_Pipepack_13" node="0>1|0|5" />
        <i3dMapping id="RPB_Pipepack_12" node="0>1|0|5|0" />
        <i3dMapping id="RPB_Pipepack_11" node="0>1|0|5|0|0" />
        <i3dMapping id="RPB_Pipepack_10" node="0>1|0|5|0|0|0" />
        <i3dMapping id="RPB_Pipepack_09" node="0>1|0|5|0|0|0|0" />
        <i3dMapping id="RPB_Pipepack_08" node="0>1|0|5|0|0|0|0|0" />
        <i3dMapping id="RPB_Pipepack_07" node="0>1|0|5|0|0|0|0|0|0" />
        <i3dMapping id="RPB_Pipepack_06" node="0>1|0|5|0|0|0|0|0|0|0" />
        <i3dMapping id="RPB_Platepipes_01" node="0>1|0|6" />
        <i3dMapping id="RPB_Platepipes_02" node="0>1|0|6|0" />
        <i3dMapping id="RPB_Platepipes_03" node="0>1|0|6|0|0" />
        <i3dMapping id="RPB_Platepipes_04" node="0>1|0|6|0|0|0" />
        <i3dMapping id="RPB_Platepipes_05" node="0>1|0|6|0|0|0|0" />
        <i3dMapping id="RPB_Platepipes_06" node="0>1|0|6|0|0|0|0|0" />
        <i3dMapping id="RPB_Platepipes_07" node="0>1|0|6|0|0|0|0|0|0" />
        <i3dMapping id="RPB_Platepipes_08" node="0>1|0|6|0|0|0|0|0|0|0" />
        <i3dMapping id="RPB_Platepipes_09" node="0>1|0|6|0|0|0|0|0|0|0|0" />
        <i3dMapping id="ref_Piston_2" node="0>1|1|0" />
        <i3dMapping id="Zyl_2_Hinch" node="0>1|1|0|1" />
        <i3dMapping id="RPB_Zyl2b" node="0>1|1|1" />
        <i3dMapping id="RPB_Zyl2c" node="0>1|1|2" />
        <i3dMapping id="RP_Piston_1L" node="0>1|2" />
        <i3dMapping id="RP_Piston_1R" node="0>1|3" />
        <i3dMapping id="RPB_Zyl2a" node="0>1|4" />
        <i3dMapping id="attacherjoint_in" node="0>2|0" />
        <i3dMapping id="ref_SupFoot" node="0>2|1" />
        <i3dMapping id="RP_Zyl_Support" node="0>2|1|0" />
        <i3dMapping id="ref_Zyl" node="0>2|2" />
        <i3dMapping id="Zyl_Support" node="0>2|2|0" />
        <i3dMapping id="Piston_Support" node="0>2|2|0|0" />
        <i3dMapping id="RPB_Support_2" node="0>2|2|0|1" />
        <i3dMapping id="ref_UI" node="0>3" />
        <i3dMapping id="ref_UI_F" node="0>3|0" />
        <i3dMapping id="ref_UI_OnOff" node="0>3|0|0" />
        <i3dMapping id="UI_Weight" node="0>3|0|0|0|0" />
        <i3dMapping id="UI_Plate" node="0>3|0|0|1|0" />
        <i3dMapping id="UI_Arm3" node="0>3|0|0|2|0" />
        <i3dMapping id="UI_High" node="0>3|0|0|3|0" />
        <i3dMapping id="LP_Monitor_F" node="0>3|0|1" />
        <i3dMapping id="ref_Zyl_Arm1" node="0>4" />
        <i3dMapping id="Zyl_1L" node="0>4|0" />
        <i3dMapping id="Piston_1L" node="0>4|0|0" />
        <i3dMapping id="RPB_Zyl1La" node="0>4|0|1" />
        <i3dMapping id="RPB_Zyl1Lb" node="0>4|0|2" />
        <i3dMapping id="Zyl_1R" node="0>4|1" />
        <i3dMapping id="Piston_1R" node="0>4|1|0" />
        <i3dMapping id="RPB_Zyl1Ra" node="0>4|1|1" />
        <i3dMapping id="RPB_Zyl1Rb" node="0>4|1|2" />
        <i3dMapping id="B_Pipes_Pack_Start" node="0>5|1" />
        <i3dMapping id="B_Pipes_Pack_02" node="0>5|1|0" />
        <i3dMapping id="B_Pipes_Pack_03" node="0>5|1|0|0" />
        <i3dMapping id="B_Pipes_Pack_04" node="0>5|1|0|0|0" />
        <i3dMapping id="B_Pipes_Pack_05" node="0>5|1|0|0|0|0" />
        <i3dMapping id="B_Pipes_Pack_06" node="0>5|1|0|0|0|0|0" />
        <i3dMapping id="B_Pipes_Pack_07" node="0>5|1|0|0|0|0|0|0" />
        <i3dMapping id="B_Pipes_Pack_08" node="0>5|1|0|0|0|0|0|0|0" />
        <i3dMapping id="B_Pipes_Pack_09" node="0>5|1|0|0|0|0|0|0|0|0" />
        <i3dMapping id="B_Pipes_Pack_10" node="0>5|1|0|0|0|0|0|0|0|0|0" />
        <i3dMapping id="B_Pipes_Pack_11" node="0>5|1|0|0|0|0|0|0|0|0|0|0" />
        <i3dMapping id="B_Pipes_Pack_12" node="0>5|1|0|0|0|0|0|0|0|0|0|0|0" />
        <i3dMapping id="B_Pipes_Pack_13" node="0>5|1|0|0|0|0|0|0|0|0|0|0|0|0" />
        <i3dMapping id="B_Platepipes_01" node="0>5|3" />
        <i3dMapping id="B_Platepipes_02" node="0>5|3|0" />
        <i3dMapping id="B_Platepipes_03" node="0>5|3|0|0" />
        <i3dMapping id="B_Platepipes_04" node="0>5|3|0|0|0" />
        <i3dMapping id="B_Platepipes_05" node="0>5|3|0|0|0|0" />
        <i3dMapping id="B_Platepipes_06" node="0>5|3|0|0|0|0|0" />
        <i3dMapping id="B_Platepipes_07" node="0>5|3|0|0|0|0|0|0" />
        <i3dMapping id="B_Platepipes_08" node="0>5|3|0|0|0|0|0|0|0" />
        <i3dMapping id="B_Platepipes_09" node="0>5|3|0|0|0|0|0|0|0|0" />
        <i3dMapping id="B_Platepipes_10" node="0>5|3|0|0|0|0|0|0|0|0|0" />
        <i3dMapping id="B_Platepipes_11" node="0>5|3|0|0|0|0|0|0|0|0|0|0" />
        <i3dMapping id="B_Platepipes_12" node="0>5|3|0|0|0|0|0|0|0|0|0|0|0" />
        <i3dMapping id="B_Platepipes_13" node="0>5|3|0|0|0|0|0|0|0|0|0|0|0|0" />
        <i3dMapping id="B_Zyl1Ra" node="0>5|5" />
        <i3dMapping id="B_Zyl1M" node="0>5|5|0" />
        <i3dMapping id="B_Zyl1La" node="0>5|5|0|0" />
        <i3dMapping id="B_Zyl2_start" node="0>5|7" />
        <i3dMapping id="B_Zyl2a" node="0>5|7|0" />
        <i3dMapping id="B_Zyl2b" node="0>5|7|0|0" />
        <i3dMapping id="B_Support_1" node="0>5|9" />
        <i3dMapping id="B_Support_2" node="0>5|9|0" />
        <i3dMapping id="B_Pipes_Arm_2a" node="0>5|11" />
        <i3dMapping id="B_Pipes_Arm_2b" node="0>5|11|0" />
        <i3dMapping id="B_PipesRol_A" node="0>5|13" />
        <i3dMapping id="B_PipesRol_B" node="0>5|13|0" />
        <i3dMapping id="RPB_Pipes_Start" node="0>5|14" />
        <i3dMapping id="ref_Pipepack_RotoStart" node="0>5|15" />
        <i3dMapping id="RPB_Pipepack_02" node="0>5|15|0" />
        <i3dMapping id="RPB_Pipepack_03" node="0>5|15|0|0" />
        <i3dMapping id="RPB_Pipepack_04" node="0>5|15|0|0|0" />
        <i3dMapping id="RPB_Pipepack_05" node="0>5|15|0|0|0|0" />
        <i3dMapping id="lights" node="0>6" />
        <i3dMapping id="Switchlight_Lw" node="0>6|0" />
        <i3dMapping id="L_Switchlight_Lw" node="0>6|0|0" />
        <i3dMapping id="Switchlight_Rw" node="0>6|1" />
        <i3dMapping id="L_Switchlight_Rw" node="0>6|1|0" />
        <i3dMapping id="L_PosLight_L" node="0>6|2" />
        <i3dMapping id="L_PosLight_R" node="0>6|3" />
        <i3dMapping id="TR_decal_Color" node="0>7|0" />
        <i3dMapping id="Plastik_TR" node="0>7|2" />
    </i3dMappings>
</vehicle>
