﻿<?xml version="1.0" encoding="utf-8" standalone="no" ?>
<vehicle type="implement">
    <annotation>Copyright (C) GIANTS Software GmbH, All Rights Reserved.</annotation>

    <storeData>
        <name>Multiweight</name>
        <functions>
            <function>$l10n_function_weight</function>
        </functions>
        <specs>
            <capacity unit="$l10n_unit_kg">800+</capacity>
        </specs>
        <rotation>0</rotation>
        <image>store_Multiweight.dds</image>
        <price>1000</price>
        <lifetime>600</lifetime>
        <brand>SYNTRAC</brand>
        <category>weights</category>
    </storeData>

    <base>
        <typeDesc>$l10n_typeDesc_weight</typeDesc>
        <filename>vehicles/Multiweight.i3d</filename>
        <size width="1.5" length="1" />
        <components>
            <component centerOfMass="0 0.5 0" solverIterationCount="10" mass="800" />
        </components>
        <schemaOverlay attacherJointPosition="0 0">
            <default name="DEFAULT_IMPLEMENT"/>
            <selected name="DEFAULT_IMPLEMENT_SELECTED"/>
        </schemaOverlay>
    </base>
	
	<attachable>
        <inputAttacherJoints>
            <inputAttacherJoint node="attacher_3P" jointType="implement" topReferenceNode="topreference_3P" lowerRotLimitScale="0 0 0" upperRotationOffset="3" lowerRotationOffset="0" needsLowering="false">
                <distanceToGround lower="0" upper="1.0" />
				<objectChange node="Bolt_3P" visibilityActive="true" />
            </inputAttacherJoint>
			<inputAttacherJoint node="attacher_WLoader" jointType="wheelLoader" >
			<objectChange node="Bolt_3P" visibilityActive="false" />
			</inputAttacherJoint>
        </inputAttacherJoints>
	</attachable>
	
	<configurationSets>
        <configurationSet name="$l10n_configuration_frontWeightX" params="800">
            <configuration name="design" index="1" />
        </configurationSet>
        <configurationSet name="$l10n_configuration_frontWeightX" params="1100">
            <configuration name="design" index="2" />
        </configurationSet>
        <configurationSet name="$l10n_configuration_frontWeightX" params="1400">
            <configuration name="design" index="3" />
        </configurationSet>
        <configurationSet name="$l10n_configuration_frontWeightX" params="2000">
            <configuration name="design" index="4" />
        </configurationSet>
        <configurationSet name="$l10n_configuration_frontWeightX" params="2600">
            <configuration name="design" index="5" />
        </configurationSet>
		<configurationSet name="$l10n_configuration_frontWeightX" params="3000">
            <configuration name="design" index="6" />
        </configurationSet>
    </configurationSets>

    <designConfigurations>
        <designConfiguration name="800">
            <objectChange node="Vis_Multiweight" visibilityActive="true" />
			<objectChange node="W_Staffs" visibilityActive="false" />
			<objectChange node="W_MU_300" visibilityActive="false" />
			<objectChange node="W_MO_300" visibilityActive="false" />
			<objectChange node="W_LR1_400" visibilityActive="false" />
			<objectChange node="W_LR2_600" visibilityActive="false" />
			<objectChange node="W_O_400" visibilityActive="false" />
        </designConfiguration>
        <designConfiguration name="1100" price="300">
            <objectChange node="Col_Multiweight" massActive="1100" />
            <objectChange node="Col_Multiweight" centerOfMassActive="0 0.5 0" />
            <objectChange node="Vis_Multiweight" visibilityActive="true" />
			<objectChange node="W_Staffs" visibilityActive="true" />
			<objectChange node="W_MU_300" visibilityActive="true" />
			<objectChange node="W_MO_300" visibilityActive="false" />
			<objectChange node="W_LR1_400" visibilityActive="false" />
			<objectChange node="W_LR2_600" visibilityActive="false" />
			<objectChange node="W_O_400" visibilityActive="false" />
        </designConfiguration>
        <designConfiguration name="1400" price="600">
            <objectChange node="Col_Multiweight" massActive="1400" />
            <objectChange node="Col_Multiweight" centerOfMassActive="0 0.5 0" />
            <objectChange node="Vis_Multiweight" visibilityActive="true" />
			<objectChange node="W_Staffs" visibilityActive="true" />
			<objectChange node="W_MU_300" visibilityActive="true" />
			<objectChange node="W_MO_300" visibilityActive="true" />
			<objectChange node="W_LR1_400" visibilityActive="false" />
			<objectChange node="W_LR2_600" visibilityActive="false" />
			<objectChange node="W_O_400" visibilityActive="false" />
        </designConfiguration>
        <designConfiguration name="1800" price="1000">
            <objectChange node="Col_Multiweight" massActive="1800" />
            <objectChange node="Col_Multiweight" centerOfMassActive="0 0.5 0" />
            <objectChange node="Vis_Multiweight" visibilityActive="true" />
			<objectChange node="W_Staffs" visibilityActive="true" />
			<objectChange node="W_MU_300" visibilityActive="true" />
			<objectChange node="W_MO_300" visibilityActive="true" />
			<objectChange node="W_LR1_400" visibilityActive="true" />
			<objectChange node="W_LR2_600" visibilityActive="false" />
			<objectChange node="W_O_400" visibilityActive="false" />
        </designConfiguration>
        <designConfiguration name="2400" price="1600">
            <objectChange node="Col_Multiweight" massActive="2400" />
            <objectChange node="Col_Multiweight" centerOfMassActive="0 0.5 0" />
            <objectChange node="Vis_Multiweight" visibilityActive="true" />
			<objectChange node="W_Staffs" visibilityActive="true" />
			<objectChange node="W_MU_300" visibilityActive="true" />
			<objectChange node="W_MO_300" visibilityActive="true" />
			<objectChange node="W_LR1_400" visibilityActive="true" />
			<objectChange node="W_LR2_600" visibilityActive="true" />
			<objectChange node="W_O_400" visibilityActive="false" />
        </designConfiguration>
		<designConfiguration name="2800" price="2000">
            <objectChange node="Col_Multiweight" massActive="2800" />
            <objectChange node="Col_Multiweight" centerOfMassActive="0 0.5 0" />
            <objectChange node="Vis_Multiweight" visibilityActive="true" />
			<objectChange node="W_Staffs" visibilityActive="true" />
			<objectChange node="W_MU_300" visibilityActive="true" />
			<objectChange node="W_MO_300" visibilityActive="true" />
			<objectChange node="W_LR1_400" visibilityActive="true" />
			<objectChange node="W_LR2_600" visibilityActive="true" />
			<objectChange node="W_O_400" visibilityActive="true" />
        </designConfiguration>
    </designConfigurations>

    <foliageBending>
        <bendingNode minX="-1.2" maxX="1.2" minZ="-0.3" maxZ="0.5" yOffset="0.1" />
    </foliageBending>

    <baseMaterial>
        <material name="decal_W_Sup" baseNode="Vis_Multiweight">
            <shaderParameter name="colorMat0" value="0.050 0.050 0.070 16"/>
			<shaderParameter name="colorMat1" value="1 1 1 8"/>
			<shaderParameter name="colorMat2" value="1.000 0.050 0.025 16"/>
			<shaderParameter name="colorMat3" value="1 1 1 1"/>
        </material>
		<material name="Multiweight_Wb_mat" baseNode="W_MU_300_Wb">
            <shaderParameter name="colorMat0" value="0.050 0.050 0.070 16"/>
			<shaderParameter name="colorMat1" value="1 1 1 8"/>
			<shaderParameter name="colorMat2" value="1.000 0.050 0.025 16"/>
			<shaderParameter name="colorMat3" value="1 1 1 1"/>

        </material>
    </baseMaterial>
	<!-- P1 red -->
	<baseMaterialConfigurations price="500" useDefaultColors="true" defaultColorIndex="0">
        <baseMaterialConfiguration color="1.000 0.050 0.025"/> <!-- red -->
		<baseMaterialConfiguration color="0.050 0.050 0.070"/> <!-- dark -->
		<baseMaterialConfiguration color="1.000 0.250 0.000"/> <!-- orange -->
		<material name="decal_W_Sup" shaderParameter="colorMat2" />
    </baseMaterialConfigurations>
	<!-- P2 dark -->
	<designMaterialConfigurations price="500" useDefaultColors="true" defaultColorIndex="0">
		<designMaterialConfiguration color="0.050 0.050 0.070"/> <!-- dark -->
		<designMaterialConfiguration color="1.000 0.050 0.025"/> <!-- red -->
		<designMaterialConfiguration color="1.000 0.250 0.000"/> <!-- orange -->
		<material name="decal_W_Sup" shaderParameter="colorMat0" />
		<material name="Multiweight_Wb_mat" shaderParameter="colorMat0" />
	</designMaterialConfigurations>

    <wearable wearDuration="480" workMultiplier="5" fieldMultiplier="2"/>
    <washable dirtDuration="90" washDuration="1" workMultiplier="2" fieldMultiplier="2"/>

    <i3dMappings>
        <i3dMapping id="Col_Multiweight" node="0>" />
        <i3dMapping id="attacher_WLoader" node="0>0|0" />
        <i3dMapping id="attacher_3P" node="0>0|1" />
        <i3dMapping id="topreference_3P" node="0>0|2" />
        <i3dMapping id="Bolt_3P" node="0>0|3" />
        <i3dMapping id="attacher_TeleLoader" node="0>0|4" />
        <i3dMapping id="W_MU_300" node="0>1" />
        <i3dMapping id="W_MU_300_Wb" node="0>1|0" />
        <i3dMapping id="W_MO_300" node="0>2" />
        <i3dMapping id="W_MO_300_Wb" node="0>2|0" />
        <i3dMapping id="W_LR1_400" node="0>3" />
        <i3dMapping id="W_LR1_400_Wb" node="0>3|0" />
        <i3dMapping id="W_LR2_600" node="0>4" />
        <i3dMapping id="W_LR2_600_Wb" node="0>4|0" />
        <i3dMapping id="W_O_400" node="0>5" />
        <i3dMapping id="W_O_400_Wb" node="0>5|0" />
        <i3dMapping id="Vis_Multiweight" node="0>6" />
        <i3dMapping id="Vis_Multiweight_A" node="0>6|0" />
        <i3dMapping id="W_Staffs" node="0>7" />
    </i3dMappings>
</vehicle>
