﻿<?xml version="1.0" encoding="utf-8" standalone="no" ?>
<vehicle type="PneuTank">
    <annotation>Copyright (C) GIANTS Software GmbH, All Rights Reserved.</annotation>

    <storeData>
        <name>Pneu-Tank-2000L arcade</name>
        <specs>
			<combination>
				<de>Syn Trac - Fracht Transfer</de> 
				<en>Syn Trac - Cargo Transfer</en>
			</combination>
        </specs>
        <functions>
			<function>$l10n_function_additionalTank</function>
        </functions>
        <image>store_Pneutank_2000L.dds</image>
        <price>9500</price>
        <lifetime>600</lifetime>
        <rotation>0</rotation>
        <brand>SYNTRAC</brand>
        <category>planters</category>
    </storeData>

    <base>
        <typeDesc>$l10n_typeDesc_sprayerTank</typeDesc>
        <filename>vehicles/Pneutank_2000L.i3d</filename>
        <size width="3.5" length="3" lengthOffset="-0.5"/>
		<speedLimit value="25"/>
        <components>
            <component centerOfMass="0 1.1 0.3" solverIterationCount="25" mass="800" />
			<component centerOfMass="0 0 0" solverIterationCount="25" mass="200" />
			<component centerOfMass="0 -0.5 0" solverIterationCount="25" mass="5" />
			<joint component1="1" component2="2" node="compjoint_DynaWeight" rotLimit="0 0 0" transLimit="0 0 0"/>
			<joint component1="1" component2="3" node="compjoint_Hook" rotLimit="0 0 0" transLimit="0 0 0"/>
        </components>
        <schemaOverlay attacherJointPosition="0 0">
            <default name="DEFAULT_IMPLEMENT"/>
            <selected name="DEFAULT_IMPLEMENT_SELECTED"/>
        </schemaOverlay>
    </base>

    <attachable>
        <inputAttacherJoints>
			<inputAttacherJoint node="attacherjoint_F" jointType="telehandler">
				<objectChange node="ref_UI_H" visibilityActive="true"  visibilityInactive="false" translationActive="0.714 1.300 1.124" rotationActive="-20 -80 0"/>
				<objectChange node="Switchlight_red" visibilityActive="false" visibilityInactive="false" />
				<objectChange node="Switchlight_white" visibilityActive="true" visibilityInactive="true" />
			</inputAttacherJoint>
			<inputAttacherJoint node="attacherjoint_H" jointType="skidSteer" >
				<objectChange node="ref_UI_H" visibilityActive="true"  visibilityInactive="false" translationActive="-0.714 1.300 1.124" translationInactive="0.714 1.300 1.124" rotationActive="-20 80 0" rotationInactive="-20 80 0" /> 
				<objectChange node="Switchlight_red" visibilityActive="true" visibilityInactive="false" />
				<objectChange node="Switchlight_white" visibilityActive="false" visibilityInactive="true" />
			</inputAttacherJoint>
		</inputAttacherJoints>
		<support animationName="moveSupport"/>
    </attachable>
	
	<dynamicallyLoadedParts>
		<dynamicallyLoadedPart node="0" linkNode="LP_Monitor_H" filename="parts/Monitor1x.i3d" />
	</dynamicallyLoadedParts>
	
	<lights>
        <states>
            <state lightTypes="0" />
            <state lightTypes="0 1" />
            <state lightTypes="0 1 2" />
        </states>
		
		<sharedLight linkNode="L_PosLight_L" node="0" lightTypes="0" filename="parts/Poslights.xml">
		</sharedLight>
		<sharedLight linkNode="L_PosLight_R" node="0" lightTypes="0" filename="parts/Poslights.xml">
		</sharedLight>
		<sharedLight linkNode="L_Switchlight_Lw" node="0" lightTypes="0" filename="parts/Switchlight_white.xml">
		</sharedLight>
		<sharedLight linkNode="L_Switchlight_Rw" node="0" lightTypes="0" filename="parts/Switchlight_white.xml">
		</sharedLight>
		<sharedLight linkNode="L_Switchlight_Lr" node="0" lightTypes="0" filename="parts/Switchlight_red.xml">
		</sharedLight>
		<sharedLight linkNode="L_Switchlight_Rr" node="0" lightTypes="0" filename="parts/Switchlight_red.xml">
		</sharedLight>
		
    </lights>
	
	<powerConsumer forceNode="Col_PneuTank" maxForce="1" />
	
	<groundReferenceNodes>
		<groundReferenceNode node="Col_PneuTank" forceFactor="1" threshold="0.1" chargeValue="1" depthNode="depthnode_driveLane" maxDepth="-0.2" />
    </groundReferenceNodes>
	
    <fillUnit>
        <fillUnitConfigurations>
            <fillUnitConfiguration>
                <fillUnits>
                    <unloading width="12" offset="0 0 0" />
                    <fillUnit unit="$l10n_unit_literShort" fillTypes="FERTILIZER SEEDS" capacity="2000">
                        <exactFillRootNode node="exactFillRootNode" />
						<dashboard displayType="ANIMATION" valueType="fillLevel" animName="FillLevel"/>
                    </fillUnit>
                </fillUnits>
            </fillUnitConfiguration>
        </fillUnitConfigurations>
    </fillUnit>

    <fillVolume>
        <fillVolumeConfigurations>
            <fillVolumeConfiguration>
                <volumes>
                    <volume node="fillVolume" maxAllowedHeapAngle="15" fillUnitIndex="1" />
                </volumes>
            </fillVolumeConfiguration>
        </fillVolumeConfigurations>

        <unloadInfos>
            <unloadInfo>
                <node node="fillUnloadNode" width="2" length="0.4" />
            </unloadInfo>
        </unloadInfos>

        <loadInfos>
            <loadInfo>
                <node node="fillLoadNode" width="2.2" length="0.4" />
            </loadInfo>
        </loadInfos>
    </fillVolume>
	
	<configurationSets>
        <configurationSet name="$l10n_configuration_frontWeightX" params="0">
            <configuration name="design" index="1" />
        </configurationSet>
        <configurationSet name="$l10n_configuration_frontWeightX" params="50">
            <configuration name="design" index="2" />
        </configurationSet>
        <configurationSet name="$l10n_configuration_frontWeightX" params="100">
            <configuration name="design" index="3" />
        </configurationSet>
        <configurationSet name="$l10n_configuration_frontWeightX" params="150">
            <configuration name="design" index="4" />
        </configurationSet>
        <configurationSet name="$l10n_configuration_frontWeightX" params="200">
            <configuration name="design" index="5" />
        </configurationSet>
		<configurationSet name="$l10n_configuration_frontWeightX" params="250">
            <configuration name="design" index="6" />
        </configurationSet>
    </configurationSets>

    <designConfigurations>
        <designConfiguration name="0">
            <objectChange node="Col_DynaWeight" massActive="200" />
            <objectChange node="Col_DynaWeight" centerOfMassActive="0 0 0" />
			<objectChange node="W25kg_L1" visibilityActive="false" />
			<objectChange node="W25kg_R1" visibilityActive="false" />
			<objectChange node="W25kg_L2" visibilityActive="false" />
			<objectChange node="W25kg_R2" visibilityActive="false" />
			<objectChange node="W25kg_L3" visibilityActive="false" />
			<objectChange node="W25kg_R3" visibilityActive="false" />
			<objectChange node="W25kg_L4" visibilityActive="false" />
			<objectChange node="W25kg_R4" visibilityActive="false" />
			<objectChange node="W25kg_L5" visibilityActive="false" />
			<objectChange node="W25kg_R5" visibilityActive="false" />
			<objectChange node="Konfi_Lifter" visibilityActive="false" />
			<objectChange node="Pipe_Lifter" visibilityActive="false" />
			<objectChange node="Pipe_Lifter_Hook" visibilityActive="false" />
			<objectChange node="ref_UI_E_Laner" visibilityActive="false" />
			<objectChange node="UI_text_ELaner_off" visibilityActive="false" />
			<objectChange node="Col_LifterBase" compoundChildActive="false" />
			<objectChange node="Col_Arm_1" compoundChildActive="false" />
			<objectChange node="Col_Arm_2" compoundChildActive="false" />
			<objectChange node="Col_Telehook" compoundChildActive="false" />
			<objectChange node="Col_Hook" translationActive="0 1.6 0"/>
			<objectChange node="ref_FrontArm_L" rotationActive="0 0 0"/>
			<objectChange node="ref_Ladder_L" rotationActive="0 0 -90"/>
			<objectChange node="ref_FrontArm_R" rotationActive="0 0 0"/>
			<objectChange node="ref_Ladder_R" rotationActive="0 0 90"/>
        </designConfiguration>
        <designConfiguration name="50">
            <objectChange node="Col_DynaWeight" massActive="250" />
            <objectChange node="Col_DynaWeight" centerOfMassActive="0 0 0.04" />
			<objectChange node="W25kg_L1" visibilityActive="false" />
			<objectChange node="W25kg_R1" visibilityActive="false" />
			<objectChange node="W25kg_L2" visibilityActive="false" />
			<objectChange node="W25kg_R2" visibilityActive="false" />
			<objectChange node="W25kg_L3" visibilityActive="false" />
			<objectChange node="W25kg_R3" visibilityActive="false" />
			<objectChange node="W25kg_L4" visibilityActive="false" />
			<objectChange node="W25kg_R4" visibilityActive="false" />
			<objectChange node="W25kg_L5" visibilityActive="true" />
			<objectChange node="W25kg_R5" visibilityActive="true" />
			<objectChange node="Konfi_Lifter" visibilityActive="false" />
			<objectChange node="Pipe_Lifter" visibilityActive="false" />
			<objectChange node="Pipe_Lifter_Hook" visibilityActive="false" />
			<objectChange node="ref_UI_E_Laner" visibilityActive="false" />
			<objectChange node="UI_text_ELaner_off" visibilityActive="false" />
			<objectChange node="Col_LifterBase" compoundChildActive="false" />
			<objectChange node="Col_Arm_1" compoundChildActive="false" />
			<objectChange node="Col_Arm_2" compoundChildActive="false" />
			<objectChange node="Col_Telehook" compoundChildActive="false" />
			<objectChange node="Col_Hook" translationActive="0 1.6 0"/>
			<objectChange node="ref_FrontArm_L" rotationActive="0 0 0"/>
			<objectChange node="ref_Ladder_L" rotationActive="0 0 -90"/>
			<objectChange node="ref_FrontArm_R" rotationActive="0 0 0"/>
			<objectChange node="ref_Ladder_R" rotationActive="0 0 90"/>
        </designConfiguration>
        <designConfiguration name="100" price="100">
            <objectChange node="Col_DynaWeight" massActive="300" />
            <objectChange node="Col_DynaWeight" centerOfMassActive="0 0 0.08" />
			<objectChange node="W25kg_L1" visibilityActive="false" />
			<objectChange node="W25kg_R1" visibilityActive="false" />
			<objectChange node="W25kg_L2" visibilityActive="false" />
			<objectChange node="W25kg_R2" visibilityActive="false" />
			<objectChange node="W25kg_L3" visibilityActive="false" />
			<objectChange node="W25kg_R3" visibilityActive="false" />
			<objectChange node="W25kg_L4" visibilityActive="true" />
			<objectChange node="W25kg_R4" visibilityActive="true" />
			<objectChange node="W25kg_L5" visibilityActive="true" />
			<objectChange node="W25kg_R5" visibilityActive="true" />
			<objectChange node="Konfi_Lifter" visibilityActive="false" />
			<objectChange node="Pipe_Lifter" visibilityActive="false" />
			<objectChange node="Pipe_Lifter_Hook" visibilityActive="false" />
			<objectChange node="ref_UI_E_Laner" visibilityActive="false" />
			<objectChange node="UI_text_ELaner_off" visibilityActive="false" />
			<objectChange node="Col_LifterBase" compoundChildActive="false" />
			<objectChange node="Col_Arm_1" compoundChildActive="false" />
			<objectChange node="Col_Arm_2" compoundChildActive="false" />
			<objectChange node="Col_Telehook" compoundChildActive="false" />
			<objectChange node="Col_Hook" translationActive="0 1.6 0"/>
			<objectChange node="ref_FrontArm_L" rotationActive="0 0 0"/>
			<objectChange node="ref_Ladder_L" rotationActive="0 0 -90"/>
			<objectChange node="ref_FrontArm_R" rotationActive="0 0 0"/>
			<objectChange node="ref_Ladder_R" rotationActive="0 0 90"/>
        </designConfiguration>
        <designConfiguration name="150" price="150">
            <objectChange node="Col_DynaWeight" massActive="350" />
            <objectChange node="Col_DynaWeight" centerOfMassActive="0 0 0.12" />
			<objectChange node="W25kg_L1" visibilityActive="false" />
			<objectChange node="W25kg_R1" visibilityActive="false" />
			<objectChange node="W25kg_L2" visibilityActive="false" />
			<objectChange node="W25kg_R2" visibilityActive="false" />
			<objectChange node="W25kg_L3" visibilityActive="true" />
			<objectChange node="W25kg_R3" visibilityActive="true" />
			<objectChange node="W25kg_L4" visibilityActive="true" />
			<objectChange node="W25kg_R4" visibilityActive="true" />
			<objectChange node="W25kg_L5" visibilityActive="true" />
			<objectChange node="W25kg_R5" visibilityActive="true" />
			<objectChange node="Konfi_Lifter" visibilityActive="false" />
			<objectChange node="Pipe_Lifter" visibilityActive="false" />
			<objectChange node="Pipe_Lifter_Hook" visibilityActive="false" />
			<objectChange node="ref_UI_E_Laner" visibilityActive="false" />
			<objectChange node="UI_text_ELaner_off" visibilityActive="false" />
			<objectChange node="Col_LifterBase" compoundChildActive="false" />
			<objectChange node="Col_Arm_1" compoundChildActive="false" />
			<objectChange node="Col_Arm_2" compoundChildActive="false" />
			<objectChange node="Col_Telehook" compoundChildActive="false" />
			<objectChange node="Col_Hook" translationActive="0 1.6 0"/>
			<objectChange node="ref_FrontArm_L" rotationActive="0 0 0"/>
			<objectChange node="ref_Ladder_L" rotationActive="0 0 -90"/>
			<objectChange node="ref_FrontArm_R" rotationActive="0 0 0"/>
			<objectChange node="ref_Ladder_R" rotationActive="0 0 90"/>
        </designConfiguration>
        <designConfiguration name="200" price="200">
            <objectChange node="Col_DynaWeight" massActive="400" />
            <objectChange node="Col_DynaWeight" centerOfMassActive="0 0 0.16" />
			<objectChange node="W25kg_L1" visibilityActive="false" />
			<objectChange node="W25kg_R1" visibilityActive="false" />
			<objectChange node="W25kg_L2" visibilityActive="true" />
			<objectChange node="W25kg_R2" visibilityActive="true" />
			<objectChange node="W25kg_L3" visibilityActive="true" />
			<objectChange node="W25kg_R3" visibilityActive="true" />
			<objectChange node="W25kg_L4" visibilityActive="true" />
			<objectChange node="W25kg_R4" visibilityActive="true" />
			<objectChange node="W25kg_L5" visibilityActive="true" />
			<objectChange node="W25kg_R5" visibilityActive="true" />
			<objectChange node="Konfi_Lifter" visibilityActive="false" />
			<objectChange node="Pipe_Lifter" visibilityActive="false" />
			<objectChange node="Pipe_Lifter_Hook" visibilityActive="false" />
			<objectChange node="ref_UI_E_Laner" visibilityActive="false" />
			<objectChange node="UI_text_ELaner_off" visibilityActive="false" />
			<objectChange node="Col_LifterBase" compoundChildActive="false" />
			<objectChange node="Col_Arm_1" compoundChildActive="false" />
			<objectChange node="Col_Arm_2" compoundChildActive="false" />
			<objectChange node="Col_Telehook" compoundChildActive="false" />
			<objectChange node="Col_Hook" translationActive="0 1.6 0"/>
			<objectChange node="ref_FrontArm_L" rotationActive="0 0 0"/>
			<objectChange node="ref_Ladder_L" rotationActive="0 0 -90"/>
			<objectChange node="ref_FrontArm_R" rotationActive="0 0 0"/>
			<objectChange node="ref_Ladder_R" rotationActive="0 0 90"/>
        </designConfiguration>
		<designConfiguration name="250" price="250">
            <objectChange node="Col_DynaWeight" massActive="450" />
            <objectChange node="Col_DynaWeight" centerOfMassActive="0 0 0.20" />
			<objectChange node="W25kg_L1" visibilityActive="true" />
			<objectChange node="W25kg_R1" visibilityActive="true" />
			<objectChange node="W25kg_L2" visibilityActive="true" />
			<objectChange node="W25kg_R2" visibilityActive="true" />
			<objectChange node="W25kg_L3" visibilityActive="true" />
			<objectChange node="W25kg_R3" visibilityActive="true" />
			<objectChange node="W25kg_L4" visibilityActive="true" />
			<objectChange node="W25kg_R4" visibilityActive="true" />
			<objectChange node="W25kg_L5" visibilityActive="true" />
			<objectChange node="W25kg_R5" visibilityActive="true" />
			<objectChange node="Konfi_Lifter" visibilityActive="false" />
			<objectChange node="Pipe_Lifter" visibilityActive="false" />
			<objectChange node="Pipe_Lifter_Hook" visibilityActive="false" />
			<objectChange node="ref_UI_E_Laner" visibilityActive="false" />
			<objectChange node="UI_text_ELaner_off" visibilityActive="false" />
			<objectChange node="Col_LifterBase" compoundChildActive="false" />
			<objectChange node="Col_Arm_1" compoundChildActive="false" />
			<objectChange node="Col_Arm_2" compoundChildActive="false" />
			<objectChange node="Col_Telehook" compoundChildActive="false" />
			<objectChange node="Col_Hook" translationActive="0 1.6 0"/>
			<objectChange node="ref_FrontArm_L" rotationActive="0 0 0"/>
			<objectChange node="ref_Ladder_L" rotationActive="0 0 -90"/>
			<objectChange node="ref_FrontArm_R" rotationActive="0 0 0"/>
			<objectChange node="ref_Ladder_R" rotationActive="0 0 90"/>
        </designConfiguration>
    </designConfigurations>
	
	<cylindered>
		<movingTools>
			<!-- FrontArm -->	
			<movingTool node="ref_FrontArm_L">
				<dependentPart node="Zyl_Frontarm_L"/>
				<dependentPart node="Zyl_Frontarm_R"/>
				<dependentPart node="Zyl_Ladder_L"/>
				<dependentPart node="Zyl_Ladder_R"/>
			</movingTool>
			
			<!-- Support -->
			<movingTool node="ref_support_M">
				<dependentPart node="SupZyl_L"/>
				<dependentPart node="SupZyl_M"/>
				<dependentPart node="SupZyl_R"/>
			</movingTool>
			
        </movingTools>

        <movingParts>
			
			<!-- FrontArm -->			
			<movingPart node="Zyl_Frontarm_L" referencePoint="RP_Zyl_Frontarm_L" referenceFrame="ref_Zyl_Frontarm">
                <translatingPart node="Kolben_Frontarm_L"/>
            </movingPart>
			<movingPart node="Zyl_Frontarm_R" referencePoint="RP_Zyl_Frontarm_R" referenceFrame="ref_Zyl_Frontarm">
                <translatingPart node="Kolben_Frontarm_R"/>
            </movingPart>
			<movingPart node="Zyl_Ladder_L" referencePoint="RP_Zyl_Ladder_L" referenceFrame="ref_Zyl_Ladder_L">
                <translatingPart node="Kolben_Ladder_L"/>
            </movingPart>
			<movingPart node="Zyl_Ladder_R" referencePoint="RP_Zyl_Ladder_R" referenceFrame="ref_Zyl_Ladder_R">
                <translatingPart node="Kolben_Ladder_R"/>
            </movingPart>
			
			<!-- Support -->
			<movingPart node="SupZyl_L" referencePoint="RP_SupZyl_L" referenceFrame="ref_SupZyl_L">
                <translatingPart node="Sup_Kolben_L"/>
            </movingPart>
			<movingPart node="SupZyl_M" referencePoint="RP_SupZyl_M" referenceFrame="ref_SupZyl_M" playSound="true">
                <translatingPart node="Sup_Kolben_M"/>
            </movingPart>
			<movingPart node="SupZyl_R" referencePoint="RP_SupZyl_R" referenceFrame="ref_SupZyl_R">
                <translatingPart node="Sup_Kolben_R"/>
            </movingPart>
            
			<!-- Pipesys -->
			<movingPart node="B_Sup_Start_M"   referenceFrame="RPB_Pipe_Start" moveToReferenceFrame="true" isActiveDirty="true"/>
			<movingPart node="B_Sup_M"   referenceFrame="RPB_Sup_M" moveToReferenceFrame="true" isActiveDirty="true"/>
			<movingPart node="B_Sup_L"   referenceFrame="RPB_Sup_L" moveToReferenceFrame="true" isActiveDirty="true"/>
			<movingPart node="B_Sup_Start_LR"   referenceFrame="RPB_Pipe_Start" moveToReferenceFrame="true" isActiveDirty="true"/>
			<movingPart node="B_Sup_R"    referenceFrame="RPB_Sup_R" moveToReferenceFrame="true" isActiveDirty="true"/>
			<movingPart node="B_Frontarm_L"    referenceFrame="RPB_Zyl_Frontarm_L" moveToReferenceFrame="true" isActiveDirty="true"/>
			<movingPart node="B_Frontarm_Start"   referenceFrame="RPB_Front_Start" moveToReferenceFrame="true" isActiveDirty="true"/>
			<movingPart node="B_Frontarm_R"   referenceFrame="RPB_Zyl_Frontarm_R" moveToReferenceFrame="true" isActiveDirty="true"/>
			<movingPart node="B_Zyl_Ladder_L2"   referenceFrame="RPB_Zyl_Ladder_L2" moveToReferenceFrame="true" isActiveDirty="true"/>
			<movingPart node="B_Zyl_Ladder_L1"   referenceFrame="RPB_Zyl_Ladder_L1" moveToReferenceFrame="true" isActiveDirty="true"/>
			<movingPart node="B_Zyl_Ladder_M"   referenceFrame="RPB_Front_Start" moveToReferenceFrame="true" isActiveDirty="true"/>
			<movingPart node="B_Zyl_Ladder_R1"   referenceFrame="RPB_Zyl_Ladder_R1" moveToReferenceFrame="true" isActiveDirty="true"/>
			<movingPart node="B_Zyl_Ladder_R2"   referenceFrame="RPB_Zyl_Ladder_R2" moveToReferenceFrame="true" isActiveDirty="true"/>
        </movingParts>

        <sounds>
            <hydraulic template="DEFAULT_HYDRAULIC_SOUND" linkNode="Col_PneuTank"/>
        </sounds>
    </cylindered>

    <foldable>
        <foldingParts startMoveDirection="1">
            <foldingPart animationName="folding" speedScale="1" />
        </foldingParts>
    </foldable>
	
	<cover>
        <coverConfigurations>
            <coverConfiguration>
                <cover openAnimation="toggleCover" fillUnitIndices="1" />
            </coverConfiguration>
        </coverConfigurations>
    </cover>
	
	<animations>
        <animation name="moveSupport">
            <part node="ref_support_L" startTime="0" endTime="3" startRot="0 0 25" endRot="0 0 -30" />
			<part node="ref_support_M" startTime="0" endTime="3" startRot="0 0 0" endRot="-35 0 0" />
			<part node="ref_support_R" startTime="0" endTime="3" startRot="0 0 -25" endRot="0 0 30" />
			<part node="ref_UI" startTime="0" endTime="2.9" visibility="true"/>
			<part node="ref_UI" startTime="2.91" endTime="3" visibility="false"/>
        </animation>
		
		<animation name="FillLevel">
            <part node="Fill_01" startTime="0" endTime="0.1" visibility="false" />
			<part node="Fill_02" startTime="0" endTime="0.4" visibility="false" />
			<part node="Fill_03" startTime="0" endTime="0.8" visibility="false" />
			<part node="Fill_04" startTime="0" endTime="1.2" visibility="false" />
			<part node="Fill_05" startTime="0" endTime="1.6" visibility="false" />
			<part node="Fill_06" startTime="0" endTime="2.0" visibility="false" />
			<part node="Fill_07" startTime="0" endTime="2.4" visibility="false" />
			<part node="Fill_08" startTime="0" endTime="2.8" visibility="false" />
			<part node="Fill_09" startTime="0" endTime="3.2" visibility="false" />
			<part node="Fill_10" startTime="0" endTime="3.6" visibility="false" />
			<part node="Fill_11" startTime="0" endTime="4.0" visibility="false" />
			<part node="Fill_12" startTime="0" endTime="4.4" visibility="false" />
			<part node="Fill_13" startTime="0" endTime="4.8" visibility="false" />
			<part node="Fill_14" startTime="0" endTime="5.2" visibility="false" />
			<part node="Fill_15" startTime="0" endTime="5.6" visibility="false" />
			<part node="Fill_16" startTime="0" endTime="6.0" visibility="false" />
			<part node="Fill_17" startTime="0" endTime="6.4" visibility="false" />
			<part node="Fill_18" startTime="0" endTime="6.8" visibility="false" />
			<part node="Fill_19" startTime="0" endTime="7.2" visibility="false" />
			<part node="Fill_20" startTime="0" endTime="7.6" visibility="false" />
			<part node="Fill_21" startTime="0" endTime="8.0" visibility="false" />
			<part node="Fill_22" startTime="0" endTime="8.4" visibility="false" />
			<part node="Fill_23" startTime="0" endTime="8.8" visibility="false" />
			<part node="Fill_24" startTime="0" endTime="9.2" visibility="false" />
			<part node="Fill_25" startTime="0" endTime="9.6" visibility="false" />
			
			<part node="Fill_01" startTime="0.11" endTime="10" visibility="true" />
			<part node="Fill_02" startTime="0.41" endTime="10" visibility="true" />
			<part node="Fill_03" startTime="0.81" endTime="10" visibility="true" />
			<part node="Fill_04" startTime="1.21" endTime="10" visibility="true" />
			<part node="Fill_05" startTime="1.61" endTime="10" visibility="true" />
			<part node="Fill_06" startTime="2.01" endTime="10" visibility="true" />
			<part node="Fill_07" startTime="2.41" endTime="10" visibility="true" />
			<part node="Fill_08" startTime="2.81" endTime="10" visibility="true" />
			<part node="Fill_09" startTime="3.21" endTime="10" visibility="true" />
			<part node="Fill_10" startTime="3.61" endTime="10" visibility="true" />
			<part node="Fill_11" startTime="4.01" endTime="10" visibility="true" />
			<part node="Fill_12" startTime="4.41" endTime="10" visibility="true" />
			<part node="Fill_13" startTime="4.81" endTime="10" visibility="true" />
			<part node="Fill_14" startTime="5.21" endTime="10" visibility="true" />
			<part node="Fill_15" startTime="5.61" endTime="10" visibility="true" />
			<part node="Fill_16" startTime="6.01" endTime="10" visibility="true" />
			<part node="Fill_17" startTime="6.41" endTime="10" visibility="true" />
			<part node="Fill_18" startTime="6.81" endTime="10" visibility="true" />
			<part node="Fill_19" startTime="7.21" endTime="10" visibility="true" />
			<part node="Fill_20" startTime="7.61" endTime="10" visibility="true" />
			<part node="Fill_21" startTime="8.01" endTime="10" visibility="true" />
			<part node="Fill_22" startTime="8.41" endTime="10" visibility="true" />
			<part node="Fill_23" startTime="8.81" endTime="10" visibility="true" />
			<part node="Fill_24" startTime="9.21" endTime="10" visibility="true" />
			<part node="Fill_25" startTime="9.61" endTime="10" visibility="true" />
        </animation>
		
		<animation name="UI_LanerCounter">
            <part node="Z0" startTime="0.0" endTime="0.01" visibility="true" />
			<part node="Z0" startTime="0.01" endTime="1.0" visibility="false" />
			<part node="Z1" startTime="0.0" endTime="0.01" visibility="false" />
			<part node="Z1" startTime="0.01" endTime="0.1" visibility="true" />
			<part node="Z1" startTime="0.1" endTime="1.0" visibility="false" />
			<part node="Z2" startTime="0.0" endTime="0.1" visibility="false" />
			<part node="Z2" startTime="0.1" endTime="0.2" visibility="true" />
			<part node="Z2" startTime="0.2" endTime="1.0" visibility="false" />
			<part node="Z3" startTime="0.0" endTime="0.2" visibility="false" />
			<part node="Z3" startTime="0.2" endTime="0.3" visibility="true" />
			<part node="Z3" startTime="0.3" endTime="1.0" visibility="false" />
			<part node="Z4" startTime="0.0" endTime="0.3" visibility="false" />
			<part node="Z4" startTime="0.3" endTime="0.4" visibility="true" />
			<part node="Z4" startTime="0.4" endTime="1.0" visibility="false" />
			<part node="Z5" startTime="0.0" endTime="0.4" visibility="false" />
			<part node="Z5" startTime="0.4" endTime="0.5" visibility="true" />
			<part node="Z5" startTime="0.5" endTime="1.0" visibility="false" />
			<part node="Z6" startTime="0.0" endTime="0.5" visibility="false" />
			<part node="Z6" startTime="0.5" endTime="0.6" visibility="true" />
			<part node="Z6" startTime="0.6" endTime="1.0" visibility="false" />
			<part node="Z7" startTime="0.0" endTime="0.6" visibility="false" />
			<part node="Z7" startTime="0.6" endTime="0.7" visibility="true" />
			<part node="Z7" startTime="0.7" endTime="1.0" visibility="false" />
			<part node="Z8" startTime="0.0" endTime="0.7" visibility="false" />
			<part node="Z8" startTime="0.7" endTime="0.8" visibility="true" />
			<part node="Z8" startTime="0.8" endTime="1.0" visibility="false" />
			<part node="Z9" startTime="0.0" endTime="0.8" visibility="false" />
			<part node="Z9" startTime="0.8" endTime="0.9" visibility="true" />
			<part node="Z9" startTime="0.9" endTime="1.0" visibility="false" />
			<part node="Z0" startTime="0.0" endTime="0.9" visibility="false" />
			<part node="Z0" startTime="0.9" endTime="1.0" visibility="true" />
		</animation>
		
		<animation name="toggleCover">
            <part node="Cover"    startTime="0"    endTime="1" startRot="-90 0 0" endRot="-200 0 0" />
        </animation>
		
    </animations>
	
    <foliageBending>
        <bendingNode minX="-1.2" maxX="1.2" minZ="-0.2" maxZ="1.1" yOffset="0.6" />
    </foliageBending>

    <baseMaterial>
        <material name="decal_Tank_color" baseNode="Vis_Main">
            <shaderParameter name="colorMat0" value="0.050 0.050 0.070 16"/>
			<shaderParameter name="colorMat1" value="1 1 1 8"/>
			<shaderParameter name="colorMat2" value="1.000 0.050 0.025 16"/>
			<shaderParameter name="colorMat3" value="0.050 0.050 0.070 1"/>
			<shaderParameter name="colorMat4" value="1.000 0.050 0.025 1"/>
			<shaderParameter name="colorMat5" value="0.8 0.8 0.8 1"/>
			<shaderParameter name="colorMat6" value="0.8 0.8 0.8 8"/>
			<shaderParameter name="colorMat7" value="1.000 0.050 0.025 8"/>
        </material>
    </baseMaterial>
	<!-- P1 red -->
	<baseMaterialConfigurations price="300" useDefaultColors="false" defaultColorIndex="0">
        <baseMaterialConfiguration color="1.000 0.050 0.025"/> <!-- red -->
		<baseMaterialConfiguration color="0.050 0.050 0.070"/> <!-- dark -->
		<baseMaterialConfiguration color="1.000 0.250 0.000"/> <!-- orange -->
		<material name="decal_Tank_color" shaderParameter="colorMat2" />
		<material name="decal_Tank_color" shaderParameter="colorMat4" />
    </baseMaterialConfigurations>
	<!-- P2 dark -->
	<designMaterialConfigurations price="2300" useDefaultColors="false" defaultColorIndex="0">
		<designMaterialConfiguration color="0.050 0.050 0.070"/> <!-- dark -->
		<designMaterialConfiguration color="1.000 0.050 0.025"/> <!-- red -->
		<designMaterialConfiguration color="1.000 0.250 0.000"/> <!-- orange -->
		<material name="decal_Tank_color" shaderParameter="colorMat0" />
		<material name="decal_Tank_color" shaderParameter="colorMat3" />
	</designMaterialConfigurations>

    <wearable wearDuration="480" workMultiplier="5" fieldMultiplier="2"/>
    <washable dirtDuration="90" washDuration="1" workMultiplier="2" fieldMultiplier="2"/>

    <i3dMappings>
        <i3dMapping id="Col_PneuTank" node="0>" />
        <i3dMapping id="attacherjoint_F" node="0>0|0" />
        <i3dMapping id="attacherjoint_H" node="0>0|1" />
        <i3dMapping id="ref_support_M" node="0>0|2" />
        <i3dMapping id="RP_SupZyl_M" node="0>0|2|0" />
        <i3dMapping id="ref_SupZyl_M" node="0>0|3" />
        <i3dMapping id="SupZyl_M" node="0>0|3|0" />
        <i3dMapping id="Sup_Kolben_M" node="0>0|3|0|0" />
        <i3dMapping id="RPB_Sup_M" node="0>0|3|0|1" />
        <i3dMapping id="ref_support_L" node="0>0|4" />
        <i3dMapping id="support_L" node="0>0|4|0" />
        <i3dMapping id="RP_SupZyl_L" node="0>0|4|0|0" />
        <i3dMapping id="ref_SupZyl_L" node="0>0|5" />
        <i3dMapping id="SupZyl_L" node="0>0|5|0" />
        <i3dMapping id="Sup_Kolben_L" node="0>0|5|0|0" />
        <i3dMapping id="RPB_Sup_L" node="0>0|5|0|1" />
        <i3dMapping id="ref_support_R" node="0>0|6" />
        <i3dMapping id="support_R" node="0>0|6|0" />
        <i3dMapping id="RP_SupZyl_R" node="0>0|6|0|0" />
        <i3dMapping id="ref_SupZyl_R" node="0>0|7" />
        <i3dMapping id="SupZyl_R" node="0>0|7|0" />
        <i3dMapping id="Sup_Kolben_R" node="0>0|7|0|0" />
        <i3dMapping id="RPB_Sup_R" node="0>0|7|0|1" />
        <i3dMapping id="ref_Cover" node="0>1" />
        <i3dMapping id="Konfi_lightCover" node="0>1|0" />
        <i3dMapping id="Cover" node="0>1|0|1" />
        <i3dMapping id="Konfi_Lifter" node="0>1|1" />
        <i3dMapping id="ref_Arm_1" node="0>1|1|0" />
        <i3dMapping id="ref_Arm_2" node="0>1|1|0|0" />
        <i3dMapping id="ref_Telehook" node="0>1|1|0|0|0" />
        <i3dMapping id="ref_Hook" node="0>1|1|0|0|0|0" />
        <i3dMapping id="HookPart" node="0>1|1|0|0|0|0|0" />
        <i3dMapping id="trailerAttacherJoint" node="0>1|1|0|0|0|0|0|0" />
        <i3dMapping id="Hook" node="0>1|1|0|0|0|0|0|1" />
        <i3dMapping id="Col_Telehook" node="0>1|1|0|0|0|2" />
        <i3dMapping id="ref_compjoint_Hook" node="0>1|1|0|0|0|3" />
        <i3dMapping id="compjoint_Hook" node="0>1|1|0|0|0|4" />
        <i3dMapping id="zRot" node="0>1|1|0|0|0|4|0" />
        <i3dMapping id="RP_Para" node="0>1|1|0|0|1" />
        <i3dMapping id="RPB_Pipe_Lifter_Hook_2" node="0>1|1|0|0|2" />
        <i3dMapping id="Col_Arm_2" node="0>1|1|0|0|4" />
        <i3dMapping id="RP_Hyd_Lifter" node="0>1|1|0|1" />
        <i3dMapping id="RPB_Pipe_Lifter_Hook_1" node="0>1|1|0|2" />
        <i3dMapping id="Col_Arm_1" node="0>1|1|0|4" />
        <i3dMapping id="ref_ParaArm" node="0>1|1|1" />
        <i3dMapping id="ParaArm" node="0>1|1|1|0" />
        <i3dMapping id="ref_Zyl_Lifter" node="0>1|1|2" />
        <i3dMapping id="Zyl_Lifter_L" node="0>1|1|2|0" />
        <i3dMapping id="Kolben_Lifter_L" node="0>1|1|2|0|0" />
        <i3dMapping id="RPB_Pipes_Lifter" node="0>1|1|2|0|1" />
        <i3dMapping id="Lifter_TR" node="0>1|1|3" />
        <i3dMapping id="Col_LifterBase" node="0>1|1|4" />
        <i3dMapping id="ref_FrontArm_L" node="0>2|0" />
        <i3dMapping id="ref_Ladder_L" node="0>2|0|0" />
        <i3dMapping id="RP_Zyl_Ladder_L" node="0>2|0|0|0" />
        <i3dMapping id="W25kg_L1" node="0>2|0|0|1" />
        <i3dMapping id="W25kg_L2" node="0>2|0|0|2" />
        <i3dMapping id="W25kg_L3" node="0>2|0|0|3" />
        <i3dMapping id="W25kg_L4" node="0>2|0|0|4" />
        <i3dMapping id="W25kg_L5" node="0>2|0|0|5" />
        <i3dMapping id="ref_Zyl_Ladder_L" node="0>2|0|1" />
        <i3dMapping id="Zyl_Ladder_L" node="0>2|0|1|0" />
        <i3dMapping id="Kolben_Ladder_L" node="0>2|0|1|0|0" />
        <i3dMapping id="RPB_Zyl_Ladder_L2" node="0>2|0|1|0|1" />
        <i3dMapping id="RP_Zyl_Frontarm_L" node="0>2|0|2" />
        <i3dMapping id="RPB_Zyl_Ladder_L1" node="0>2|0|3" />
        <i3dMapping id="ref_FrontArm_R" node="0>2|1" />
        <i3dMapping id="ref_Ladder_R" node="0>2|1|0" />
        <i3dMapping id="RP_Zyl_Ladder_R" node="0>2|1|0|0" />
        <i3dMapping id="W25kg_R1" node="0>2|1|0|1" />
        <i3dMapping id="W25kg_R2" node="0>2|1|0|2" />
        <i3dMapping id="W25kg_R3" node="0>2|1|0|3" />
        <i3dMapping id="W25kg_R4" node="0>2|1|0|4" />
        <i3dMapping id="W25kg_R5" node="0>2|1|0|5" />
        <i3dMapping id="ref_Zyl_Ladder_R" node="0>2|1|1" />
        <i3dMapping id="Zyl_Ladder_R" node="0>2|1|1|0" />
        <i3dMapping id="Kolben_Ladder_R" node="0>2|1|1|0|0" />
        <i3dMapping id="RPB_Zyl_Ladder_R2" node="0>2|1|1|0|1" />
        <i3dMapping id="RP_Zyl_Frontarm_R" node="0>2|1|2" />
        <i3dMapping id="RPB_Zyl_Ladder_R1" node="0>2|1|3" />
        <i3dMapping id="ref_Zyl_Frontarm" node="0>2|2" />
        <i3dMapping id="Zyl_Frontarm_L" node="0>2|2|0" />
        <i3dMapping id="Kolben_Frontarm_L" node="0>2|2|0|0" />
        <i3dMapping id="RPB_Zyl_Frontarm_L" node="0>2|2|0|1" />
        <i3dMapping id="Zyl_Frontarm_R" node="0>2|2|1" />
        <i3dMapping id="Kolben_Frontarm_R" node="0>2|2|1|0" />
        <i3dMapping id="RPB_Zyl_Frontarm_R" node="0>2|2|1|1" />
        <i3dMapping id="ref_DynaWeight" node="0>2|3" />
        <i3dMapping id="compjoint_DynaWeight" node="0>2|3|0" />
        <i3dMapping id="Pipe_Lifter" node="0>3|0" />
        <i3dMapping id="Pipe_Lifter_Hook" node="0>3|1" />
        <i3dMapping id="RPB_Pipe_Start" node="0>3|7" />
        <i3dMapping id="RPB_Front_Start" node="0>3|8" />
        <i3dMapping id="B_Pipe_Lifter_Hook_start" node="0>3|9" />
        <i3dMapping id="B_Pipe_Lifter_Hook_1" node="0>3|9|0" />
        <i3dMapping id="B_Pipe_Lifter_Hook_2" node="0>3|9|0|0" />
        <i3dMapping id="B_Pipes_Lifter_start" node="0>3|10" />
        <i3dMapping id="B_Pipes_Lifter" node="0>3|10|0" />
        <i3dMapping id="B_Sup_L" node="0>3|11" />
        <i3dMapping id="B_Sup_Start_LR" node="0>3|11|0" />
        <i3dMapping id="B_Sup_R" node="0>3|11|0|0" />
        <i3dMapping id="B_Sup_Start_M" node="0>3|12" />
        <i3dMapping id="B_Sup_M" node="0>3|12|0" />
        <i3dMapping id="B_Frontarm_L" node="0>3|13" />
        <i3dMapping id="B_Frontarm_Start" node="0>3|13|0" />
        <i3dMapping id="B_Frontarm_R" node="0>3|13|0|0" />
        <i3dMapping id="B_Zyl_Ladder_L2" node="0>3|14" />
        <i3dMapping id="B_Zyl_Ladder_L1" node="0>3|14|0" />
        <i3dMapping id="B_Zyl_Ladder_M" node="0>3|14|0|0" />
        <i3dMapping id="B_Zyl_Ladder_R1" node="0>3|14|0|0|0" />
        <i3dMapping id="B_Zyl_Ladder_R2" node="0>3|14|0|0|0|0" />
        <i3dMapping id="fillVolume" node="0>4|0" />
        <i3dMapping id="fillLoadNode" node="0>4|1" />
        <i3dMapping id="fillUnloadNode" node="0>4|2" />
        <i3dMapping id="exactFillRootNode" node="0>4|3" />
        <i3dMapping id="ref_ELaner" node="0>5" />
        <i3dMapping id="anim_LanerBehind" node="0>5|0" />
        <i3dMapping id="anim_LanerLower" node="0>5|0|0" />
        <i3dMapping id="anim_LanerOffset" node="0>5|0|0|0" />
        <i3dMapping id="ref_L" node="0>5|0|0|0|0" />
        <i3dMapping id="driveLaneLeftAreaStart" node="0>5|0|0|0|0|0|0" />
        <i3dMapping id="driveLaneLeftAreaWidth" node="0>5|0|0|0|0|0|1" />
        <i3dMapping id="driveLaneLeftAreaHeight" node="0>5|0|0|0|0|0|2" />
        <i3dMapping id="ref_R" node="0>5|0|0|0|1" />
        <i3dMapping id="driveLaneRightAreaStart" node="0>5|0|0|0|1|0|0" />
        <i3dMapping id="driveLaneRightAreaWidth" node="0>5|0|0|0|1|0|1" />
        <i3dMapping id="driveLaneRightAreaHeight" node="0>5|0|0|0|1|0|2" />
        <i3dMapping id="depthnode_driveLane" node="0>5|0|0|0|2" />
        <i3dMapping id="ref_UI" node="0>6" />
        <i3dMapping id="ref_UI_F" node="0>6|0" />
        <i3dMapping id="ref_UI_H" node="0>6|1" />
        <i3dMapping id="LP_Monitor_H" node="0>6|1|0" />
        <i3dMapping id="ref_Disp_PT2000L" node="0>6|1|1" />
        <i3dMapping id="Fill_01" node="0>6|1|1|0|0" />
        <i3dMapping id="Fill_02" node="0>6|1|1|0|1" />
        <i3dMapping id="Fill_03" node="0>6|1|1|0|2" />
        <i3dMapping id="Fill_04" node="0>6|1|1|0|3" />
        <i3dMapping id="Fill_05" node="0>6|1|1|0|4" />
        <i3dMapping id="Fill_06" node="0>6|1|1|0|5" />
        <i3dMapping id="Fill_07" node="0>6|1|1|0|6" />
        <i3dMapping id="Fill_08" node="0>6|1|1|0|7" />
        <i3dMapping id="Fill_09" node="0>6|1|1|0|8" />
        <i3dMapping id="Fill_10" node="0>6|1|1|0|9" />
        <i3dMapping id="Fill_11" node="0>6|1|1|0|10" />
        <i3dMapping id="Fill_12" node="0>6|1|1|0|11" />
        <i3dMapping id="Fill_13" node="0>6|1|1|0|12" />
        <i3dMapping id="Fill_14" node="0>6|1|1|0|13" />
        <i3dMapping id="Fill_15" node="0>6|1|1|0|14" />
        <i3dMapping id="Fill_16" node="0>6|1|1|0|15" />
        <i3dMapping id="Fill_17" node="0>6|1|1|0|16" />
        <i3dMapping id="Fill_18" node="0>6|1|1|0|17" />
        <i3dMapping id="Fill_19" node="0>6|1|1|0|18" />
        <i3dMapping id="Fill_20" node="0>6|1|1|0|19" />
        <i3dMapping id="Fill_21" node="0>6|1|1|0|20" />
        <i3dMapping id="Fill_22" node="0>6|1|1|0|21" />
        <i3dMapping id="Fill_23" node="0>6|1|1|0|22" />
        <i3dMapping id="Fill_24" node="0>6|1|1|0|23" />
        <i3dMapping id="Fill_25" node="0>6|1|1|0|24" />
        <i3dMapping id="ref_UI_E_Laner" node="0>6|1|1|1" />
        <i3dMapping id="UI_Drivebehind" node="0>6|1|1|1|0|0" />
        <i3dMapping id="UI_LaneWidht_L" node="0>6|1|1|1|1|0" />
        <i3dMapping id="UI_LaneWidht_R" node="0>6|1|1|1|1|1" />
        <i3dMapping id="UI_Offset" node="0>6|1|1|1|2|0" />
        <i3dMapping id="Z0" node="0>6|1|1|1|3|0" />
        <i3dMapping id="Z1" node="0>6|1|1|1|3|1" />
        <i3dMapping id="Z2" node="0>6|1|1|1|3|2" />
        <i3dMapping id="Z3" node="0>6|1|1|1|3|3" />
        <i3dMapping id="Z4" node="0>6|1|1|1|3|4" />
        <i3dMapping id="Z5" node="0>6|1|1|1|3|5" />
        <i3dMapping id="Z6" node="0>6|1|1|1|3|6" />
        <i3dMapping id="Z7" node="0>6|1|1|1|3|7" />
        <i3dMapping id="Z8" node="0>6|1|1|1|3|8" />
        <i3dMapping id="Z9" node="0>6|1|1|1|3|9" />
        <i3dMapping id="anim_LanerCounter" node="0>6|1|1|1|3|10" />
        <i3dMapping id="UI_text_inactive" node="0>6|1|1|1|4" />
        <i3dMapping id="UI_text_active" node="0>6|1|1|1|5" />
        <i3dMapping id="UI_text_ELaner_on" node="0>6|1|1|1|6" />
        <i3dMapping id="UI_text_ELaner_off" node="0>6|1|1|2" />
        <i3dMapping id="UI_text_Fertilizer" node="0>6|1|1|3" />
        <i3dMapping id="UI_text_Seed" node="0>6|1|1|4" />
        <i3dMapping id="LP_Monitor_F" node="0>6|1|2" />
        <i3dMapping id="Switchlight_white" node="0>7|0" />
        <i3dMapping id="L_Switchlight_Lw" node="0>7|0|0" />
        <i3dMapping id="L_Switchlight_Rw" node="0>7|0|1" />
        <i3dMapping id="Switchlight_red" node="0>7|1" />
        <i3dMapping id="L_Switchlight_Lr" node="0>7|1|0" />
        <i3dMapping id="L_Switchlight_Rr" node="0>7|1|1" />
        <i3dMapping id="L_PosLight_L" node="0>7|2" />
        <i3dMapping id="L_PosLight_R" node="0>7|3" />
        <i3dMapping id="Vis_Main" node="0>8|0" />
        <i3dMapping id="Col_DynaWeight" node="1>" />
        <i3dMapping id="Col_Hook" node="2>" />
        <i3dMapping id="rotjoint_Hook" node="2>0" />
        <i3dMapping id="RP_Hook" node="2>1" />
        <i3dMapping id="tensionBelts" node="2>2" />
        <i3dMapping id="beltActivationTrigger" node="2>2|0" />
        <i3dMapping id="startPoint01" node="2>2|1" />
        <i3dMapping id="startPoint01End" node="2>2|1|0" />
        <i3dMapping id="startPoint02" node="2>2|2" />
        <i3dMapping id="startPoint02End" node="2>2|2|0" />
    </i3dMappings>
</vehicle>
