﻿<?xml version="1.0" encoding="utf-8" standalone="no" ?>
<modDesc descVersion="42">
    <author>BanditBooker</author>
    <version>1.0.0.0</version>
    <title>
        <en>DO24 Trailer</en>
    </title>
    <description>
        <en>
            <![CDATA[American Bandit DO24
Price: 4500.00€
]]>
        </en>
        <de>
            <![CDATA[American Bandit DO24
Preis: 4500.00€
]]>
        </de>
		<fr>
            <![CDATA[American Bandit DO24
Price: 4500.00€
]]>
        </fr>
    </description>
    <l10n>
        <text name="function_deckOverTrailer">
            <en>This trailer can be used to transport vehicles, pallets, big bags, or liquid containers.</en>
            <de>Dieser Anhänger ist für den Transport von Fahrzeugen, Gerätschaften und Paletten geeignet.</de>
			<fr>Cette remorque peut être utilisée pour transporter des véhicules, des palettes, des big-bags ou des conteneurs de liquide.</fr>
        </text>
    </l10n>
	<iconFilename>icon_trailerDO24.dds</iconFilename>
    <multiplayer supported="true" />
    <brands>
        <brand name="AMERICANBANDIT" title="AMERICAN BANDIT" image="brand_americanBandit.dds"/>
    </brands>
    <storeItems>
        <storeItem xmlFilename="trailerDO24.xml"/>
    </storeItems>
</modDesc>
