﻿<?xml version="1.0" encoding="utf-8" standalone="no" ?>
<vehicle type="dynamicMountAttacherTrailer">
    <annotation>Copyright (C) GIANTS Software GmbH, All Rights Reserved.</annotation>

    <storeData>
        <name>Trailer DO24</name>
        <functions>
            <function>$l10n_function_deckOverTrailer</function>
        </functions>
        <image>store_trailerDO24.dds</image>
        <price>4500</price>
        <lifetime>600</lifetime>
        <rotation>0</rotation>
        <brand>AMERICANBANDIT</brand>
        <category>lowloaders</category>
        <shopTranslationOffset>0 0.055 0</shopTranslationOffset>
        <shopRotationOffset>0 0 0</shopRotationOffset>
        <vertexBufferMemoryUsage>678304</vertexBufferMemoryUsage>
        <indexBufferMemoryUsage>111024</indexBufferMemoryUsage>
        <textureMemoryUsage>11185264</textureMemoryUsage>
        <instanceVertexBufferMemoryUsage>0</instanceVertexBufferMemoryUsage>
        <instanceIndexBufferMemoryUsage>0</instanceIndexBufferMemoryUsage>
    </storeData>

    <base>
        <typeDesc>$l10n_typeDesc_lowLoader</typeDesc>
        <filename>trailerDO24.i3d</filename>
        <size width="2.5" length="8" />
        <components>
            <component centerOfMass="0 0.25 2" solverIterationCount="10" mass="1500" />
			<component centerOfMass="0 1 0"       solverIterationCount="10" mass="100" rotLimitSpring="300 300 300" rotLimitDamping="30 30 30" rotLimitForceLimit="10 10 10"/>
			<joint component1="1" component2="2" node="rampsJoint" rotLimit="0 0 0" transLimit="0 0 0" />
		</components>
        <schemaOverlay attacherJointPosition="0 0">
            <default name="DEFAULT_IMPLEMENT"/>
            <selected name="DEFAULT_IMPLEMENT_SELECTED"/>
        </schemaOverlay>
    </base>

    <wheels>
        <wheelConfigurations>
            <wheelConfiguration name="$l10n_configuration_valueDefault" price="0">
                <wheels>
                    <wheel filename="$data/shared/wheels/lizard/implement/280_55R16.xml" isLeft="true" scale="0.203 0.203 0.203" >
                        <physics tipOcclusionAreaGroupId="1" restLoad="0.3" repr="wheelLeftFront" forcePointRatio="0.5" initialCompression="14" suspTravel="0.20" spring="20" damper="10" />
                    </wheel>
                    <wheel filename="$data/shared/wheels/lizard/implement/280_55R16.xml" isLeft="false" >
                        <physics tipOcclusionAreaGroupId="1" restLoad="0.3" repr="wheelRightFront" forcePointRatio="0.5" initialCompression="12" suspTravel="0.20" spring="20" damper="10" />
                    </wheel>
                    <wheel filename="$data/shared/wheels/lizard/implement/280_55R16.xml" isLeft="true" >
                        <physics tipOcclusionAreaGroupId="1" restLoad="0.3" repr="wheelLeftRear" forcePointRatio="0.5" initialCompression="10" suspTravel="0.30" spring="20" damper="10" />
                    </wheel>
                    <wheel filename="$data/shared/wheels/lizard/implement/280_55R16.xml" isLeft="false" >
                        <physics tipOcclusionAreaGroupId="2" restLoad="0.3" repr="wheelRightRear" forcePointRatio="0.5" initialCompression="14" suspTravel="0.30" spring="20" damper="10" />
                    </wheel>
                </wheels>
            </wheelConfiguration>
		</wheelConfigurations>
        
		<hubs>
            <color0>SHARED_BLACK2</color0>
            <color1>SHARED_BLACK2</color1>
            <hub linkNode="wheelLeftFront" filename="$data/shared/wheels/hubs/hub_n10_5.xml" isLeft="true"  scale="0.203 0.203 0.203" />
            <hub linkNode="wheelRightFront" filename="$data/shared/wheels/hubs/hub_n10_5.xml" isLeft="false"  scale="0.203 0.203 0.203" />
            <hub linkNode="wheelLeftRear" filename="$data/shared/wheels/hubs/hub_n10_5.xml" isLeft="true"  scale="0.203 0.203 0.203" />
            <hub linkNode="wheelRightRear" filename="$data/shared/wheels/hubs/hub_n10_5.xml" isLeft="false" scale="0.203 0.203 0.203" />
        </hubs>
        
	</wheels>

	<rimColorConfigurations useDefaultColors="true" price="200">
        <rimColorConfiguration color="1 1 1 1" />
        <rimColorConfiguration color="SHARED_WHITE2" name="ALUMINUM" material="8" price="400"/>
		<rimColorConfiguration color="SHARED_WHITE2" name="CHROME" material="2" price="300"/>
		<colorNode node="wheels" />
    </rimColorConfigurations>
	
    <attachable>
        <inputAttacherJoints>
            <inputAttacherJoint node="attacherJoint" jointType="trailerLow" attacherHeight="0.50" inputAttacherJointIndices="1"/>
        </inputAttacherJoints>
        <support animationName="moveSupport" />
        <brakeForce>0.2</brakeForce>
        <airConsumer usage="0.3" />
    
	<inputAttacherJointConfigurations>
        <inputAttacherJointConfiguration name="low hitch" price="0">
            <objectChange node="hitch" translationActive="0 0.597 4.409" />
        </inputAttacherJointConfiguration>
        <inputAttacherJointConfiguration name="middle hitch" price="0">
            <objectChange node="hitch" translationActive="0 0.697 4.409" />
        </inputAttacherJointConfiguration>
		<inputAttacherJointConfiguration name="high hitch" price="0">
            <objectChange node="hitch" translationActive="0 0.797 4.409" />
        </inputAttacherJointConfiguration>
    </inputAttacherJointConfigurations>
	
	</attachable>

    <lights>
        <sharedLight linkNode="sideMarkerLeft1" filename="lights/sideMarker_06Orange.xml" />
        <sharedLight linkNode="sideMarkerLeft2" filename="lights/sideMarker_06Orange.xml" />
        <sharedLight linkNode="sideMarkerLeft3" filename="lights/sideMarker_06Orange.xml" />
        <sharedLight linkNode="sideMarkerRight1" filename="lights/sideMarker_06Orange.xml" />
		<sharedLight linkNode="sideMarkerRight2" filename="lights/sideMarker_06Orange.xml" />
		<sharedLight linkNode="sideMarkerRight3" filename="lights/sideMarker_06Orange.xml" />
		
		<sharedLight linkNode="rearMarkerLeft" filename="lights/sideMarker_06Red.xml" />
        <sharedLight linkNode="rearMarkerRight" filename="lights/sideMarker_06Red.xml" />
        <sharedLight linkNode="centerMarkerLeft" filename="lights/sideMarker_06Red.xml" />
		<sharedLight linkNode="centerMarkerMiddle" filename="lights/sideMarker_06Red.xml" />
		<sharedLight linkNode="centerMarkerRight" filename="lights/sideMarker_06Red.xml" />
		
		<sharedLight linkNode="brakeLeft" filename="$data/shared/assets/lights/lizard/rearLightCircleRed_02.xml" />
        <sharedLight linkNode="brakeRight" filename="$data/shared/assets/lights/lizard/rearLightCircleRed_02.xml" />
        <sharedLight linkNode="turnLeft" filename="lights/turnLights/rearLightCircleRed_02_left.xml" />
		<sharedLight linkNode="turnRight" filename="lights/turnLights/rearLightCircleRed_02_right.xml" />
		
		<realLights>
            <high>
                <light node="backLightsHigh1" lightTypes="0"/>
                <turnLightLeft node="turnLightLeftBack" />
                <turnLightRight node="turnLightRightBack" />
                <brakeLight node="backLightsHigh1" />
            </high>
        </realLights>
	</lights>

	<cylindered>
        <movingTools>
            <movingTool node="rampsJoint" playSound="true">
                <componentJoint index="1" anchorActor="0" />
            </movingTool>
        </movingTools>

        <movingParts>
            <movingPart node="ramps" referencePoint="rampsRef" referenceFrame="rampsRef" isActiveDirty="true" limitedAxis="1">
            </movingPart>
        </movingParts>

        <sounds>
            <hydraulic template="DEFAULT_HYDRAULIC_SOUND" linkNode="equipmentTrailerDO24"/>
        </sounds>
    </cylindered>
	
	<dynamicMountAttacher triggerNode="dynamicMountTrigger" rootNode="0>" jointNode="0>" forceAcceleration="30" />
	
	<tensionBelts>
        <tensionBeltsConfigurations>
            <tensionBeltsConfiguration>
                <tensionBelts linkNode="tensionBelts" jointNode="0>" width="0.075" maxEdgeLength="0.1" geometryBias="0.01" ratchetPosition="0.2" defaultOffset="0.1" defaultOffsetSide="0.1" defaultHeight="4" activationTrigger="beltActivationTrigger">
                    <tensionBelt startNode="beltStart1" endNode="beltEnd1" offsetLeft="0.2" />
					<tensionBelt startNode="beltStart2" endNode="beltEnd2" />
					<tensionBelt startNode="beltStart3" endNode="beltEnd3" />
					<tensionBelt startNode="beltStart4" endNode="beltEnd4" />
					<tensionBelt startNode="beltStart5" endNode="beltEnd5" />
					<tensionBelt startNode="beltStart6" endNode="beltEnd6" />
					<tensionBelt startNode="beltStart7" endNode="beltEnd7" />
					<tensionBelt startNode="beltStart8" endNode="beltEnd8" />
					<tensionBelt startNode="beltStart9" endNode="beltEnd9" />
					<tensionBelt startNode="beltStart10" endNode="beltEnd10" />
					<tensionBelt startNode="beltStart11" endNode="beltEnd11" offsetRight="0.2" />
				</tensionBelts>
            </tensionBeltsConfiguration>
        </tensionBeltsConfigurations>
    </tensionBelts>
	
	
    <animations>
        <animation name="moveSupport">
            <part node="supportLeg" startTime=".25" endTime="1.3" startTrans="0 0.846 2.810" endTrans="0 0.332 2.810" />
            <part node="supportLatch"  startTime="0" endTime=".1" startTrans="0.031 0.594 2.81" endTrans="0.065 0.594 2.81" />
			<part node="supportCrank"  startTime=".1" endTime=".3" startRot="-11.139 4.338 -0.049" endRot="4.593 11.037 90" />
			<part node="supportCrank"  startTime="1.3" endTime="2" startRot="4.593 11.037 90" endRot="-11.139 4.338 -0.049" />
			<part node="supportCrankShaft"  startTime=".3" endTime="1.3" startRot="1080 0 0" endRot="0 0 0" />
			
			
		</animation>
        <animation name="folding">
            <part componentJointIndex="1" startTime="3" endTime="5" endTransLimit="0 0 0" endRotLimit="30 0 0" />
            <part node="rampsJoint"  startTime="0" endTime="5" startRot="0 0 0" endRot="-110 0 0" />
			<part node="rampSupports"  startTime="0" endTime="2" startRot="0 0 0" endRot="-33.9 0 0" />
		</animation>
    </animations>

    <foliageBending>
        <bendingNode minX="-1.3" maxX="1.3" minZ="-4.9" maxZ="2.8" yOffset="0.4" />
        <bendingNode minX="-1.2" maxX="1.2" minZ="-1.9" maxZ="0.1" yOffset="0.4" />
    </foliageBending>

    <foldable>
        <foldingParts >
            <foldingPart animationName="folding" speedScale="1" />
        </foldingParts>
    </foldable>
	
	<baseMaterialConfigurations useDefaultColors="true" price="500">
        <baseMaterialConfiguration color="HOLARAS_BLACK"/>
        <material name="paint1_mat" shaderParameter="colorMat0" />
        <material name="expandedMetal" shaderParameter="colorMat0" />
	</baseMaterialConfigurations>

    <baseMaterial>
        <material name="paint1_mat" baseNode="DO24trailer_vis">
            <shaderParameter name="colorMat0" value="HOLARAS_BLACK"/>
        </material>
		<material name="expandedMetal" baseNode="expandedMetal">
            <shaderParameter name="colorMat0" value="HOLARAS_BLACK"/>
        </material>
    </baseMaterial>

    <wearable wearDuration="480" workMultiplier="5" fieldMultiplier="2"/>
    <washable dirtDuration="90" washDuration="1" workMultiplier="2" fieldMultiplier="2"/>

    <i3dMappings>
      <i3dMapping id="equipmentTrailerDO24" node="0>" />
      <i3dMapping id="wheels" node="0>0" />
      <i3dMapping id="wheelLeftFront" node="0>0|0" />
      <i3dMapping id="wheelLeftRear" node="0>0|1" />
      <i3dMapping id="wheelRightFront" node="0>0|2" />
      <i3dMapping id="wheelRightRear" node="0>0|3" />
      <i3dMapping id="attacherJoints" node="0>1" />
      <i3dMapping id="hitch" node="0>1|0" />
      <i3dMapping id="hitchBolts" node="0>1|0|0" />
      <i3dMapping id="attacherJoint" node="0>1|0|1" />
      <i3dMapping id="rampsJoint" node="0>2" />
      <i3dMapping id="ramps" node="0>3" />
      <i3dMapping id="rampPins" node="0>3|0" />
      <i3dMapping id="rampBolts" node="0>3|1" />
      <i3dMapping id="support" node="0>4" />
      <i3dMapping id="supportLeg" node="0>4|0" />
      <i3dMapping id="supportFoot" node="0>4|0|0" />
      <i3dMapping id="support_col" node="0>4|0|0|0" />
      <i3dMapping id="supportLatch" node="0>4|1" />
      <i3dMapping id="supportCrankShaft" node="0>5" />
      <i3dMapping id="supportCrank" node="0>5|0" />
      <i3dMapping id="supportCrankBolts" node="0>5|1" />
      <i3dMapping id="DO24trailer_vis" node="0>6" />
      <i3dMapping id="deck" node="0>6|0" />
      <i3dMapping id="trailerBolts" node="0>6|1" />
      <i3dMapping id="axles" node="0>6|2" />
      <i3dMapping id="decals" node="0>6|3" />
      <i3dMapping id="decals_vis" node="0>6|3|0" />
      <i3dMapping id="reflectRed" node="0>6|3|1" />
      <i3dMapping id="reflectWhite" node="0>6|3|2" />
      <i3dMapping id="expandedMetal" node="0>6|4" />
      <i3dMapping id="rampSupports" node="0>6|5" />
      <i3dMapping id="lights" node="0>7" />
      <i3dMapping id="sharedLights" node="0>7|0" />
      <i3dMapping id="brakeLeft" node="0>7|0|0" />
      <i3dMapping id="brakeRight" node="0>7|0|1" />
      <i3dMapping id="centerMarkerLeft" node="0>7|0|2" />
      <i3dMapping id="centerMarkerMiddle" node="0>7|0|3" />
      <i3dMapping id="centerMarkerRight" node="0>7|0|4" />
      <i3dMapping id="rearMarkerLeft" node="0>7|0|5" />
      <i3dMapping id="rearMarkerRight" node="0>7|0|6" />
      <i3dMapping id="sideMarkerLeft1" node="0>7|0|7" />
      <i3dMapping id="sideMarkerLeft2" node="0>7|0|8" />
      <i3dMapping id="sideMarkerLeft3" node="0>7|0|9" />
      <i3dMapping id="sideMarkerRight1" node="0>7|0|10" />
      <i3dMapping id="sideMarkerRight2" node="0>7|0|11" />
      <i3dMapping id="sideMarkerRight3" node="0>7|0|12" />
      <i3dMapping id="turnLeft" node="0>7|0|13" />
      <i3dMapping id="turnRight" node="0>7|0|14" />
      <i3dMapping id="backLightsHigh1" node="0>7|1" />
      <i3dMapping id="backLightsHigh2" node="0>7|1|0" />
      <i3dMapping id="turnLightLeftBack" node="0>7|2" />
      <i3dMapping id="turnLightRightBack" node="0>7|3" />
      <i3dMapping id="collisions" node="0>8" />
      <i3dMapping id="frontRail_col" node="0>8|0" />
      <i3dMapping id="hitch_col" node="0>8|1" />
      <i3dMapping id="tail_col1" node="0>8|2" />
      <i3dMapping id="tail_col2" node="0>8|3" />
      <i3dMapping id="tensionBelts" node="0>9" />
      <i3dMapping id="beltStart1" node="0>9|0" />
      <i3dMapping id="beltEnd1" node="0>9|0|0" />
      <i3dMapping id="beltStart2" node="0>9|1" />
      <i3dMapping id="beltEnd2" node="0>9|1|0" />
      <i3dMapping id="beltStart3" node="0>9|2" />
      <i3dMapping id="beltEnd3" node="0>9|2|0" />
      <i3dMapping id="beltStart4" node="0>9|3" />
      <i3dMapping id="beltEnd4" node="0>9|3|0" />
      <i3dMapping id="beltStart5" node="0>9|4" />
      <i3dMapping id="beltEnd5" node="0>9|4|0" />
      <i3dMapping id="beltStart6" node="0>9|5" />
      <i3dMapping id="beltEnd6" node="0>9|5|0" />
      <i3dMapping id="beltStart7" node="0>9|6" />
      <i3dMapping id="beltEnd7" node="0>9|6|0" />
      <i3dMapping id="beltStart8" node="0>9|7" />
      <i3dMapping id="beltEnd8" node="0>9|7|0" />
      <i3dMapping id="beltStart9" node="0>9|8" />
      <i3dMapping id="beltEnd9" node="0>9|8|0" />
      <i3dMapping id="beltStart10" node="0>9|9" />
      <i3dMapping id="beltEnd10" node="0>9|9|0" />
      <i3dMapping id="beltStart11" node="0>9|10" />
      <i3dMapping id="beltEnd11" node="0>9|10|0" />
      <i3dMapping id="beltActivationTrigger" node="0>9|11" />
      <i3dMapping id="beltStartInt1" node="0>9|12" />
      <i3dMapping id="beltEndInt1" node="0>9|13" />
      <i3dMapping id="dynamicMountTrigger" node="0>10" />
      <i3dMapping id="dynamicMountTriggerRef" node="0>11" />
      <i3dMapping id="ramp_col" node="1>" />
      <i3dMapping id="rampsRef" node="1>0" />
    </i3dMappings>

</vehicle>
