﻿<?xml version="1.0" encoding="utf-8" standalone="no" ?>
<modDesc descVersion="47">

    <author>Vanquish081</author>
    <version>1.0.1.0</version>
	
	<title>
		<en>Powerful Spotlights</en>
		<de>Hochleistungs-Scheinwerfer Pack</de>
		<es>Focos Potentes</es>
	</title>
	
	<description>
<en><![CDATA[Pack of high power spotlights. It includes:

- Big Automatic.
* Price: 1.890 €
- Medium Automatic.
* Price: 1.450 €

- Big Manual.
* Price: 1.490 €
- Medium Manual.
* Price: 950 €

Minimal maintenance cost.

Changelog v1.0.1.0:
- Added high altitude model with switch.
- Added half altitude model with switch.

Changelog 1.0.0.1:
- Adjusted angle and disable Shadow.]]></en>
<de><![CDATA[Hochleistungs-Scheinwerfer Pack, dieser enthält:

- Groß automatisch.
* Preis: 1.890 €
- Mittel automatisch.
* Preis: 1.450 €

- Groß manuell.
* Preis: 1.490 €
- Mittel manuell.
* Preis: 950 €

Mit minimalen Wartungskosten.

Changelog v1.0.1.0:
- Hohes Modell mit Schalter hinzugefügt.
- Halbhohes Modell mit Schalter hinzugefügt.

Changelog 1.0.0.1:
Der Winkel wurde angepasst und der Schatten deaktiviert.]]></de>
<es><![CDATA[Pack de focos de alta potencia. Incluye:

- Torre gran altura automática.
* Precio: 1.890 €
- Torre media altura automática.
* Precio: 1.450 €

- Torre gran altura manual.
* Precio: 1.490 €
- Torre media altura manual.
* Precio: 950 €

Con un coste de mantenimiento mínimo.

Cambios v1.0.1.0:
- Añadido modelo gran altura con interruptor.
- Añadido modelo media altura con interruptor.

Cambios 1.0.0.1:
- Ajustado ángulo y desactivada la sombra.]]></es>
	</description>
	
    <l10n>
		<text name="powerLightS">
			<en><![CDATA[Half-height tower with 4 powerful spotlights automatic.]]></en>
			<de><![CDATA[Halbhoher Mast mit 4 kraftvollen Scheinwerfern automatisch.]]></de>
			<es><![CDATA[Torre de media altura con 4 potentes focos automática.]]></es>
		</text>
		<text name="powerLightL">
			<en><![CDATA[Tower of high altitude with 4 powerful focuses automatic.]]></en>
			<de><![CDATA[Hoher Mast mit 4 kraftvollen Scheinwerfern automatisch.]]></de>
			<es><![CDATA[Torre de gran altura con 4 potentes focos automática.]]></es>
		</text>
		<text name="powerLightSW">
			<en><![CDATA[Half-height tower with 4 powerful spotlights with switch.]]></en>
			<de><![CDATA[Halbhoher Mast mit 4 kraftvollen Scheinwerfern mit Schalter.]]></de>
			<es><![CDATA[Torre de media altura con 4 potentes focos con interruptor.]]></es>
		</text>
		<text name="powerLightLW">
			<en><![CDATA[Tower of high altitude with 4 powerful focuses with switch.]]></en>
			<de><![CDATA[Hoher Mast mit 4 kraftvollen Scheinwerfern mit Schalter.]]></de>
			<es><![CDATA[Torre de gran altura con 4 potentes focos con interruptor.]]></es>
		</text>
        <text name="action_lightOn">
			<en><![CDATA[Lightswitch ON]]></en>
			<de><![CDATA[Lichtschalter AN]]></de>
			<es><![CDATA[Luz ON]]></es>			
        </text>
		<text name="action_lightOut">
			<en><![CDATA[Lightswitch OFF]]></en>
			<de><![CDATA[Lichtschalter AUS]]></de>
			<es><![CDATA[Luz OFF]]></es>			
        </text>		
	</l10n>
	
	<iconFilename>textures/icon_powerLights.png</iconFilename>
    <multiplayer supported="true"/>  
	
    <storeItems>
        <storeItem rootNode="placeable" xmlFilename="powerLightsS.xml"/>
        <storeItem rootNode="placeable" xmlFilename="powerLightsL.xml"/>
        <storeItem rootNode="placeable" xmlFilename="powerLightsLW.xml"/>
        <storeItem rootNode="placeable" xmlFilename="powerLightsSW.xml"/>
    </storeItems>

</modDesc>
