﻿<?xml version="1.0" encoding="utf-8" standalone="no" ?>
<placeable>
    <storeData>
        <name>
			<en>Medium Automatic</en>
			<de>Mittel automatisch</de>
			<es>Mediano Auto</es>
		</name>
        <image>textures/store_powerLightsS.dds</image>
        <price>1450</price>
        <dailyUpkeep>1</dailyUpkeep>
        <functions>
            <function>$l10n_powerLightS</function>
        </functions>
        <lifetime>1000</lifetime>
        <rotation>0</rotation>
        <brand>LIZARD</brand>
        <species>placeable</species>
        <category>decoration</category>
        <vertexBufferMemoryUsage>64704</vertexBufferMemoryUsage>
        <indexBufferMemoryUsage>7872</indexBufferMemoryUsage>
        <textureMemoryUsage>8525312</textureMemoryUsage>
        <instanceVertexBufferMemoryUsage>0</instanceVertexBufferMemoryUsage>
        <instanceIndexBufferMemoryUsage>0</instanceIndexBufferMemoryUsage>
    </storeData>
	
    <placeableType>placeable</placeableType>
    <filename>powerLightsS.i3d</filename>
	
    <placement testSizeX="0.2" testSizeZ="0.2" sizeX="0.2" sizeZ="0.2" useRandomYRotation="false" useManualYRotation="true"/>

    <dayNightObjects>
        <dayNightObject node="0|0" visibleDay="false" visibleNight="true" />
        <dayNightObject node="0|1" intensityDay="0" intensityNight="1" />
        <dayNightObject node="0|0|0" visibleDay="false" visibleNight="true" />
        <dayNightObject node="0|0|0|0" visibleDay="false" visibleNight="true" />
        <dayNightObject node="0|0|1" visibleDay="false" visibleNight="true" />
        <dayNightObject node="0|0|1|0" visibleDay="false" visibleNight="true" />
    </dayNightObjects>

    <tipOcclusionUpdateArea sizeX="0.2" sizeZ="0.2"/>
	
    <clearAreas>
        <clearArea startNode="1|0" widthNode="1|1" heightNode="1|2"/>
    </clearAreas>
	
    <leveling requireLeveling="true" maxSmoothDistance="2" maxSlope="40" maxEdgeAngle="30" >
        <levelAreas>
            <levelArea startNode="1|0" widthNode="1|1" heightNode="1|2" />        
        </levelAreas>
    </leveling>       
    
</placeable>
