﻿<?xml version="1.0" encoding="utf-8" standalone="no" ?>
<placeable>
    <storeData>
        <name>
			<en>Big Automatic</en>
			<de>Groß automatisch</de>
			<es>Grande Auto</es>
		</name>
        <image>textures/store_powerLightsL.dds</image>
        <price>1890</price>
        <dailyUpkeep>1</dailyUpkeep>
        <functions>
            <function>$l10n_powerLightL</function>
        </functions>
        <lifetime>1000</lifetime>
        <rotation>0</rotation>
        <brand>LIZARD</brand>
        <species>placeable</species>
        <category>decoration</category>
        <vertexBufferMemoryUsage>64704</vertexBufferMemoryUsage>
        <indexBufferMemoryUsage>7872</indexBufferMemoryUsage>
        <textureMemoryUsage>8525312</textureMemoryUsage>
        <instanceVertexBufferMemoryUsage>0</instanceVertexBufferMemoryUsage>
        <instanceIndexBufferMemoryUsage>0</instanceIndexBufferMemoryUsage>
    </storeData>
	
    <placeableType>placeable</placeableType>
    <filename>powerLightsL.i3d</filename>
	
    <placement testSizeX="0.2" testSizeZ="0.2" sizeX="0.2" sizeZ="0.2" useRandomYRotation="false" useManualYRotation="true"/>

    <dayNightObjects>
        <dayNightObject node="0|0" visibleDay="false" visibleNight="true" />
        <dayNightObject node="0|1" intensityDay="0" intensityNight="1" />
        <dayNightObject node="0|0|0" visibleDay="false" visibleNight="true" />
        <dayNightObject node="0|0|0|0" visibleDay="false" visibleNight="true" />
        <dayNightObject node="0|0|1" visibleDay="false" visibleNight="true" />
        <dayNightObject node="0|0|1|0" visibleDay="false" visibleNight="true" />
    </dayNightObjects>

    <animatedObject index="luz1" saveId="luz1" >
        <animation duration="0.1">
            <part node="1|0"> <!-- lightswitchButton -->
				<keyFrame time="0" rotation="-6 0 0" />
				<keyFrame time="1" roatation="6 0 0" />
            </part>
			<part node="1|0|0"> <!-- light00 --> 
				<keyFrame time="0" visibility="true" />
				<keyFrame time="1" visibility="false" />
            </part>
			<part node="2|0"> <!-- light01 --> 
				<keyFrame time="0" visibility="false" />
				<keyFrame time="1" visibility="true" />
            </part>
			<part node="3|0"> <!-- light02 --> 
				<keyFrame time="0" visibility="false" />
				<keyFrame time="1" visibility="true" />
            </part>
			<part node="4|0"> <!-- light03 --> 
				<keyFrame time="0" visibility="false" />
				<keyFrame time="1" visibility="true" />
            </part>
        </animation>
        <controls triggerNode="0" posAction="ACTIVATE_HANDTOOL" posText="action_lightSwitchON" negText="action_lightSwitchOFF" />
    </animatedObject>
	
    <tipOcclusionUpdateArea sizeX="0.2" sizeZ="0.2"/>
	
    <clearAreas>
        <clearArea startNode="1|0" widthNode="1|1" heightNode="1|2"/>
    </clearAreas>
	
    <leveling requireLeveling="true" maxSmoothDistance="2" maxSlope="40" maxEdgeAngle="30" >
        <levelAreas>
            <levelArea startNode="1|0" widthNode="1|1" heightNode="1|2" />        
        </levelAreas>
    </leveling>       
    
</placeable>
