﻿<?xml version="1.0" encoding="utf-8" standalone="no" ?>
<placeable>
    <storeData>
        <name>
			<en>Medium Manual</en>
			<de>Mittel manuell</de>
			<es>Mediano manual</es>
		</name>
        <image>textures/store_powerLightsSW.dds</image>
        <price>950</price>
        <dailyUpkeep>1</dailyUpkeep>
        <functions>
            <function>$l10n_powerLightSW</function>
        </functions>
        <lifetime>1000</lifetime>
        <rotation>0</rotation>
        <brand>LIZARD</brand>
        <species>placeable</species>
        <category>decoration</category>
        <vertexBufferMemoryUsage>69280</vertexBufferMemoryUsage>
        <indexBufferMemoryUsage>8418</indexBufferMemoryUsage>
        <textureMemoryUsage>8525312</textureMemoryUsage>
        <instanceVertexBufferMemoryUsage>0</instanceVertexBufferMemoryUsage>
        <instanceIndexBufferMemoryUsage>0</instanceIndexBufferMemoryUsage>
    </storeData>
	
    <placeableType>placeable</placeableType>
    <filename>powerLightsSW.i3d</filename>
	
    <placement testSizeX="0.2" testSizeZ="0.2" sizeX="0.2" sizeZ="0.2" useRandomYRotation="false" useManualYRotation="true"/>

    <tipOcclusionUpdateArea sizeX="0.2" sizeZ="0.2"/>
	
	<animatedObjects>
		<animatedObject index="LUCES">
			<animation initialTime="0" duration="0.5">
				<part node="0|0">
                    <keyFrame time="0" visibility="false" />
                    <keyFrame time="0.4" visibility="true" />
				</part>	
			</animation>
			 <controls triggerNode="0|3" posAction="ACTIVATE_HANDTOOL" posText="action_lightOn" negText="action_lightOut" />
			<sound file="$data/sounds/vehicles/switch/switch_01.ogg" pitchOffset="1.00" volume="0.20" indoorVolumeFactor="0.55" indoorLowpassGain="0.85" pitchMax="1.15" />
		</animatedObject>	
	</animatedObjects>

    <clearAreas>
        <clearArea startIndex="0>1|0" widthIndex="0>1|1" heightIndex="0>1|2"/>
    </clearAreas>
</placeable>
