<?xml version="1.0" encoding="utf-8" standalone="no" ?>
<modDesc descVersion="53">
	<author>Prince of Modding</author>
	<version>1.0.1.0</version>
	<title>
		<en>Info Display</en>
	</title>
	<description>
		<en>
			<![CDATA[
If you've ever wondered "what am I looking at?" Info Display is the right mod for you because it will show you a lot of information about the object you are looking at, such as:
- The size and type of a tree
- How much wood chips or how much money you can get from a log
- How much and what material is inside a pallet
- The size, weight, material of a bale
- The weight and state of maintenance of a tractor or tool

And that's just some of the information it's going to give you.

Changelog 1.0.1.0:
- Added ES translations
- Added FR translations
- Added IT translations
- Fixed some minor hud issues
- Fixed error with pallets in MP
]]>
		</en>
		<de>
			<![CDATA[
Haben Sie sich jemals gefragt haben: "Was schaue ich mir an?" Info Display ist der richtige Mod für Sie, weil es Ihnen eine Menge Informationen über das Objekt zeigt das Sie betrachten, wie z. B.:
- Größe und Art eines Baumes
- Wie viel Hackschnitzel oder wie viel Geld Sie aus einem Baumstamm bekommen können
- Wie viel und welches Material sich in einer Palette befindet
- Größe, Gewicht, Material eines Ballens
- Gewicht und Zustand der Wartung eines Traktors oder Werkzeugs

Und das sind nur einige der Informationen die es Ihnen geben wird.

Changelog 1.0.1.0:
- Spanische Übersetzung hinzugefügt
- Französische Übersetzung hinzugefügt
- Italienische Übersetzungen hinzugefügt
- Einige kleinere Hud-Probleme behoben
- Fehler mit Paletten im MP behoben
]]>
		</de>
		<fr>
			<![CDATA[
Si vous vous êtes déjà demandé " qu’est-ce que je regarde ? » Info Display est le bon mod pour vous, car il vous montrera beaucoup d’informations sur l’objet que vous regardez, tels que:
- La taille et le type d’arbre
- Combien de copeaux de bois ou combien d’argent vous pouvez obtenir à partir d’un journal
- Combien et quel matériau se trouve à l’intérieur d’une palette
- La taille, le poids, le matériau d’une balle
- Le poids et l’état d’entretien d’un tracteur ou d’un outil

Et c’est juste quelques-unes des informations qu’il va vous donner.

Changelog 1.0.1.0:
- Traductions ES ajoutées
- Traductions en FR ajoutées
- Traductions IT ajoutées
- Correction de quelques problèmes mineurs liés au hud
- Correction d'une erreur avec les palettes en MP
]]>
		</fr>
	</description>
	<multiplayer supported="true" />
	<iconFilename>icon.dds</iconFilename>
	<extraSourceFiles>
		<sourceFile filename="lib/utility/Main.lua" />
		<sourceFile filename="lib/hud/Main.lua" />
		<sourceFile filename="playerExtension.lua" />
		<sourceFile filename="infoDisplay.lua" />
		<sourceFile filename="fieldInfoDisplayExtension.lua" />
		<sourceFile filename="infoDisplayStyle.lua" />
		<sourceFile filename="huds/baleHud.lua" />
		<sourceFile filename="huds/treeHud.lua" />
		<sourceFile filename="huds/palletHud.lua" />
		<sourceFile filename="huds/trunkHud.lua" />
		<sourceFile filename="huds/vehicleHud.lua" />
	</extraSourceFiles>
	<l10n>
		<text name="id_baleHudTitle">
			<en>Bale Info</en>
			<de>Ballen-Information</de>
			<fr>Info Bale</fr>
			<it>Info balle</it>
		</text>
		<text name="id_treeHudTitle">
			<en>Tree Info</en>
			<de>Baum-Information</de>
			<fr>Info sur l'arborescence</fr>
			<es>Info de árbol</es>
			<it>Info albero</it>
		</text>
		<text name="id_trunkHudTitle">
			<en>Log Info</en>
			<de>Stamm Information</de>
			<fr>Info de journal</fr>
			<es>Info de registro</es>
			<it>Info tronco</it>
		</text>
		<text name="id_palletHudTitle">
			<en>Pallet Info</en>
			<de>Paletten-Information</de>
			<fr>Info sur la palette</fr>
			<it>Info pallet</it>
		</text>
		<text name="id_vehicleHudTitle">
			<en>Vehicle Info</en>
			<de>Fahrzeug-Information</de>
			<fr>Info sur le véhicule</fr>
			<es>Info del vehículo</es>
			<it>Info veicolo</it>
		</text>
		<text name="id_treeName1">
			<en>Spruce</en>
			<de>Fichte</de>
			<fr>Épinette</fr>
			<es>Espruce</es>
			<it>Abete</it>
			<pl>Swierk</pl>
		</text>
		<text name="id_treeName2">
			<en>Pine</en>
			<de>Kiefer</de>
			<fr>Pin</fr>
			<es>Pino</es>
			<it>Pino</it>
			<pl>Sosna</pl>
		</text>
		<text name="id_treeName3">
			<en>Larch</en>
			<de>Lärche</de>
		</text>
		<text name="id_treeName4">
			<en>Birch</en>
			<de>Birke</de>
			<fr>Bouleau</fr>
			<pl>Brzoza</pl>
		</text>
		<text name="id_treeName5">
			<en>Beech</en>
			<de>Buche</de>
			<fr>Hêtres</fr>
			<pl>Buk</pl>
		</text>
		<text name="id_treeName6">
			<en>Maple</en>
			<de>Ahorn</de>
			<es>Arce</es>
			<pl>Klon</pl>
		</text>
		<text name="id_treeName7">
			<en>Oak</en>
			<de>Eiche</de>
			<fr>Chêne</fr>
			<es>Roble</es>
			<it>Quercia</it>
		</text>
		<text name="id_treeName8">
			<en>Ash</en>
			<de>Esche</de>
			<es>Cenizas</es>
			<it>Ceneri</it>
		</text>
		<text name="id_treeName9">
			<en>Locust</en>
			<fr>Criquet</fr>
			<es>Langosta</es>
			<it>Locusta</it>
		</text>
		<text name="id_treeName10">
			<en>Mahogany</en>
			<de>Mahagoni</de>
			<fr>Mahoganie</fr>
			<es>Caoba</es>
			<it>Mogano</it>
		</text>
		<text name="id_treeName11">
			<en>Poplar</en>
			<de>Pappel</de>
			<fr>Peuplier</fr>
			<it>Pioppo</it>
		</text>
		<text name="id_name">
			<en>Name</en>
			<de>Namen</de>
			<fr>Nom</fr>
			<es>Nombre</es>
			<it>Nome</it>
		</text>
		<text name="id_height">
			<en>Height</en>
			<de>Höhe</de>
			<fr>Hauteur</fr>
			<es>Altura</es>
			<it>Altezza</it>
		</text>
		<text name="id_size">
			<en>Size</en>
			<de>Größe</de>
			<fr>Taille</fr>
			<es>Tamaño</es>
			<it>Dimensione</it>
		</text>
		<text name="id_mass">
			<en>Mass</en>
			<de>Masse</de>
			<fr>Masse</fr>
			<es>Masa</es>
			<it>Massa</it>
		</text>
		<text name="id_woodChips">
			<en>Wood chips</en>
			<de>Holzspäne</de>
			<fr>Puces de bois</fr>
			<es>Chips de madera</es>
			<it>Cippato</it>
		</text>
		<text name="id_price">
			<en>Sell price</en>
			<de>Verkaufspreis</de>
			<fr>Prix de vente</fr>
			<es>Precio de venta</es>
			<it>Prezzo di vendita</it>
		</text>
		<text name="id_owner">
			<en>Owner</en>
			<de>Besitzer</de>
			<fr>Propriétaire</fr>
			<es>Propietario</es>
			<it>Proprietario</it>
		</text>
		<text name="id_condition">
			<en>Condition</en>
			<de>Zustand</de>
			<es>Condición</es>
			<it>Condizione</it>
		</text>
		<text name="id_damage">
			<en>Damage</en>
			<de>Schaden</de>
			<fr>Dommages</fr>
			<es>Daños</es>
			<it>Danni</it>
		</text>
	</l10n>
</modDesc>